,X,Y,Z,color_category
0,-3.165073786790809,3.9813397643796016,7.645870322841298,C
1,6.083759486521012,11.399400603814067,12.349519279518455,H
2,6.694487065346992,18.288447916810753,-9.571121706452269,F
3,-6.173346051611649,15.403454068906907,-8.30105189824397,E
4,6.197401170987153,16.8059967181396,-0.5874115396781124,B
5,6.111195840572705,13.834619476254922,-0.6146603840721112,B
6,2.812317051649811,14.554198913517057,-4.49684093659235,A
7,12.250422521969755,17.879322189848594,3.8572583331916106,G
8,-6.01240096131449,5.192333388428278,-8.447785958091927,E
9,4.2939379513732225,10.282208594576117,-10.567636609601978,F
10,0.8246895743428959,4.599127046908667,-4.92384599907751,A
11,3.9205277644473986,20.753797355713303,13.359940611254062,H
12,12.594375758686834,19.78047881730073,-0.05749839723677931,G
13,6.087133127218947,0.8075579967806128,2.8040646452904285,B
14,6.363932050035159,14.767287853089947,0.9263826138793467,B
15,6.386756774307108,19.462771477820166,1.0655675458853362,B
16,1.9741414346043735,3.8350048035068376,7.307903240151358,C
17,-9.422851293909728,11.915118813107348,-2.1878739573079558,E
18,-6.99802781076,19.22716614909688,5.240397066151084,D
19,2.819401913640312,0.6404359795700985,6.94328956494277,C
20,-5.161232899546179,14.6308417797833,-9.095419962664256,E
21,5.762690106379291,6.241818923971478,-1.5170034535899015,B
22,2.849253463119359,19.54335975745864,6.846785681497852,C
23,-2.502668444973438,20.336624797184015,7.78719598251757,C
24,-8.330156354596635,19.902805133319735,3.583449941181669,D
25,10.944416493765136,10.00834148848003,-5.342630188194258,G
26,6.241029362128342,18.116927491000087,1.977681134599545,B
27,-9.513555353227632,17.823468393446234,-1.3318608981641873,E
28,-6.621185334174093,6.719715211738712,-7.769659820469713,E
29,2.240766882726617,17.42668291694762,-4.597909271287841,A
30,-5.570809746415426,0.7745042963744678,-8.763374579691598,E
31,6.31844905577883,12.582845892244046,0.16855582456117993,B
32,3.085741391330974,4.885009044732309,-4.351992506519591,A
33,6.361541563125848,2.5006207369480444,12.036610817803588,H
34,4.405251349128256,1.550054874483454,13.060155666558707,H
35,11.974021400446702,14.611915261571152,-2.917369108358295,G
36,1.9862632139187055,7.097372310909506,7.369180899256254,C
37,4.487708270817248,15.216925973373224,-3.429940661947246,A
38,1.785789717737279,1.4343550635119968,-10.955101237104726,F
39,-7.634243964279736,6.598232011688477,4.767264541212243,D
40,5.373411327524057,11.327175970816503,-2.278624472578694,A
41,-9.324436099098486,16.608087598358654,0.3522325804423311,D
42,1.4857736263966146,6.736224105683733,-4.7113134820407225,A
43,9.968944269035658,13.031374438477961,8.777222221148493,H
44,4.652444552729692,18.575197698221668,5.408749943308526,C
45,-0.32497658511856037,12.94369113644237,-10.897800763108426,F
46,1.5492667857167948,4.952152917647652,7.5087029888300245,C
47,-9.478869058923271,0.4878212903119882,-1.8188955613593656,E
48,-8.933547275514222,18.178248716617432,-4.2451832226720345,E
49,6.428747904989937,0.4776432001564367,1.0650551668359807,B
50,3.88390971893479,18.336967006926905,13.387817465494866,H
51,10.21478925052644,11.048196481616934,-6.266439663397783,G
52,7.299415636799404,19.689204399285156,11.459610903556946,H
53,10.95153490010543,16.76522168336418,7.159986812047523,H
54,-6.2404370939157054,20.926379087973178,-8.288256674271897,E
55,9.080765627963215,7.2546698216309595,9.983408469070271,H
56,4.124047198482388,16.15580737739802,-3.7941247509564366,A
57,6.298076492367037,8.50429293785802,1.768643883098813,B
58,2.1100637344248168,10.10996412594906,-4.677136971059155,A
59,0.5079936640111451,13.120730444064531,7.762007506739684,C
60,-4.129163842049652,18.337144821215738,7.252852882912256,D
61,4.005562448195811,20.665426787423723,6.083962125497802,C
62,12.502286226238368,16.16368141063298,-0.507619056028975,G
63,-1.6082236198074722,8.806519449949914,7.915535298629926,C
64,3.503766281828363,8.81178835787955,6.431423696154013,C
65,-9.079806042208514,15.493328111187399,-3.8628139072253007,E
66,5.842338267324885,5.037184081365111,-1.3914698064974673,B
67,11.805681199163464,2.3927474918666265,-3.505325967100971,G
68,3.504962755675541,7.4822906374475435,-4.201107426681766,A
69,1.655586812408585,6.071471659104492,13.924268215221915,H
70,10.103532799639394,6.22666186097226,-6.627336300617484,G
71,6.253700844439793,4.976285729308284,1.9613414613180697,B
72,0.3415166179791017,0.9044451221615744,-4.663094213200243,A
73,12.276475081198898,0.3322982338930115,-2.125825899471792,G
74,4.183814572178059,20.81233868296292,-10.609789126534828,F
75,6.484802333146416,9.01813097208006,-9.602473346953818,F
76,9.992928705496633,8.048707389296892,-6.692583692386997,G
77,3.5191266993506547,14.248618288184504,-4.177088816414001,A
78,-1.874349825396119,4.598160422423385,7.8947572126325545,C
79,5.109511282066422,19.97234410271811,-2.705672856128463,A
80,12.31240205218535,16.523109916008153,3.545645295887491,G
81,-4.156265025612458,1.893196482229594,-9.677512243126865,E
82,0.1629851318481611,8.854194160212314,7.850044072726015,C
83,2.974583749772537,18.515061616417203,-4.373283795834238,A
84,1.5504548335494335,19.848904247682867,7.457412716150649,C
85,0.6179730089555274,9.862497265285638,7.772740918645581,C
86,6.581357867767823,12.830012978248485,-9.615140486915122,F
87,-2.9579616130987683,3.52760922043092,-10.297385183709437,F
88,11.425627417641962,20.90500646636316,6.332565179880843,H
89,-8.779917072854792,4.8542034342826925,2.3630158005332333,D
90,5.270243277889607,19.754985560406684,-2.55603998989851,A
91,4.882582642159951,13.609975184410084,-10.352111450223742,F
92,9.15838591751526,12.707991040588922,-7.546867536258919,G
93,-8.358683272112396,10.727220635940295,-5.516470687815966,E
94,9.958858054623589,4.825540641143431,-6.62944198751109,G
95,-9.301007607719205,3.6368103211567413,0.5580206602014535,D
96,-9.359271171413063,4.630991307171163,-2.01027273934427,E
97,-6.651936509741787,3.9603173637186773,5.495025406419152,D
98,1.2040050040942365,16.325886135894475,-4.79012894702302,A
99,4.888761467595387,7.42859463868342,-2.9862999862335626,A
100,1.4717318107979842,1.2402358122577035,-4.768232469670481,A
101,-3.030600495442681,20.40268426223824,-10.31918062054766,F
102,1.3823690954447554,18.526611856539333,7.560155992205078,C
103,-9.489330347471514,19.5255242084528,-0.7487871387511724,E
104,10.157974625532551,20.838467580555378,8.542805768717978,H
105,5.092604756875461,3.6963126086510583,4.855782024204776,B
106,-5.7476772473169,8.32967436394551,6.423575447565411,D
107,8.850513049890543,15.950670550785157,-7.807756504232409,G
108,5.790240637187282,14.557653248848395,3.7782190309273846,B
109,3.6022759807475904,3.187060541023126,-4.1048040020776995,A
110,2.865964820372384,17.162357035715644,6.842784787971398,C
111,6.193267478045416,4.665834608358664,-0.3040692569739843,B
112,8.353822362246174,4.723330225880041,10.683069237610384,H
113,11.981155953483512,11.208105990438671,-2.9650363725624294,G
114,-3.3441653195262395,12.4941473423091,-10.124880259244195,F
115,12.074892010271363,12.12018419885561,4.574942382808225,G
116,11.851870276831093,1.9488385822368284,-3.3973342396376203,G
117,6.384593261022033,18.457959661920288,1.2236479973729244,B
118,11.12051247087526,5.542762303441349,7.002905335636821,H
119,-9.148210927279589,2.748914675293124,-3.505844461654938,E
120,11.937638795253278,18.676731790415197,-3.034502821150753,G
121,10.8764271311121,20.041739370015183,7.377695391630662,H
122,1.190770212981437,18.05425222837065,7.625940124728527,C
123,4.93424143024861,16.90170628463881,-2.920720579747923,A
124,5.809115263945708,13.777564095784442,3.7487558707920967,B
125,-6.679610830133735,11.489764644223824,5.534123067280626,D
126,12.342675478722905,1.8314891681116785,-1.7276053532660791,G
127,12.377839929130982,8.56434506368056,3.2706125760955707,G
128,0.3330222209657575,7.860415996030503,-4.823636049428764,A
129,-9.47845240783592,5.439727183992357,-0.9829318537288309,E
130,-6.201849279527241,15.17534999814293,6.079818744810117,D
131,5.913797945243483,10.449983971868601,3.457956211714921,B
132,5.223971681496267,1.7187234355148124,-2.4639930953300806,A
133,-0.2591084821210464,4.639655038805177,7.845382929967872,C
134,6.945955588407894,14.371897416341941,11.801847357736793,H
135,0.7496901456684575,1.5219694431359487,7.7364079198439795,C
136,-9.43752991704399,17.91318462902349,-1.6278231522070392,E
137,3.796103711755232,10.42870050699414,-10.686800145841609,F
138,-2.2633346423274983,10.041483967430782,7.836623677708686,C
139,3.6219396844893876,12.42835945416616,13.42553452545193,H
140,4.820602517878253,17.316334920046753,12.98985573545343,H
141,4.857960531277356,7.297268526725968,5.1464374626522105,B
142,-9.389366669563262,14.255032202068762,0.28731547842961835,D
143,2.3699343323763458,11.951939583003172,7.181977484929778,C
144,3.2141725975249598,5.661682009941488,6.60917586441555,C
145,1.6900206444382175,18.385618753786748,-4.7406954593385064,A
146,-5.334467152832271,16.777049953260793,-8.932531731307426,E
147,-9.438035930422346,13.893935193803705,-0.24971630022919616,E
148,2.441487973777061,17.88155673701354,-4.544470698440199,A
149,3.641589293275299,18.267727241415148,6.457846666401906,C
150,10.129772588726942,14.976236033300768,8.56762641590246,H
151,5.444421074578955,17.62846537294246,4.378917253442002,B
152,5.970974210713074,14.659366124837042,-1.245454493055807,B
153,-9.291399360586734,14.335210630670547,0.9408470391115609,D
154,1.9214998582638625,12.998083334173714,13.847843313613499,H
155,5.396379038901071,15.808244582874714,4.629105904849259,B
156,0.562517644966601,3.313136499368861,-11.011242854755508,F
157,9.227671685935825,18.576456611119102,-7.436580250221962,G
158,5.509348428512682,18.26779264935277,4.239262788823946,B
159,6.33861480386393,0.6908113299596479,-9.747819149894065,F
160,-2.7176854955784884,17.367144968047036,7.76539754931648,C
161,-3.3535058268362903,2.636301908202252,-10.223638397203324,F
162,-3.3092664766493836,7.055878404091551,-10.115850423183407,F
163,-9.216828335439033,15.508672056741183,-3.2373187409654807,E
164,4.199761587653389,3.407233217856024,-3.505544125413159,A
165,12.592287242544469,17.221569080649754,0.3489450679740126,G
166,0.9485596951741739,17.445199939329978,7.672519844420999,C
167,6.335590420894962,10.66299979377534,1.198217704217461,B
168,1.9364393560186255,0.2318111777410195,-4.675166291545403,A
169,-6.747060504672487,6.0025134614600715,-7.683998245041747,E
170,1.1748238488118996,12.902519906537757,-11.121697610628953,F
171,0.7888315849188501,20.678992908699023,-4.898666856888848,A
172,-9.523636356850204,13.366213426876577,-1.1159229829137316,E
173,5.841365811667372,5.456059985939748,3.688659847493219,B
174,-2.1982670796803516,13.364692916862257,-10.547457685967995,F
175,6.379428772458707,11.40676676980951,0.5143117041479432,B
176,2.5635890551649796,16.339629086547095,-10.991923169835998,F
177,-3.9389825826153944,2.2223281235977335,7.205128759712465,D
178,7.593234558630719,16.043129678200323,11.246824190744,H
179,5.765761868832276,11.450848866133741,-1.6712164076718978,B
180,-0.578185132426437,20.250976124047607,7.8048956462862344,C
181,5.055192093876222,7.135324769137306,-2.771478400308152,A
182,8.789856099254097,13.384412811397883,10.224726408405342,H
183,11.799740980671247,19.54604167081977,5.224747042865822,H
184,4.606625080408861,2.135947398745692,5.391851531544393,C
185,-0.7414938833514372,19.698915123689954,-10.918883868658853,F
186,12.319198801621054,14.523308189352818,-1.8963631860081904,G
187,-8.543697716731405,1.4672770400362212,-5.011095901166377,E
188,-9.332996905149779,6.340978180901237,-2.7124235024095147,E
189,5.300207989781858,14.894778288056818,4.576164658017485,B
190,4.302812314642558,1.416538364276379,-3.5563790954354677,A
191,10.911011403233749,12.253486639427663,7.466433035295614,H
192,10.60089779185392,7.137066192127376,7.750213877754597,H
193,-3.310333026147547,13.024395500163529,-10.158389956545152,F
194,-0.37558196334797256,0.9726488068086089,7.787422493416864,C
195,-1.1680622960034746,18.244722225018926,7.9231055207703776,C
196,6.135104511642601,20.462584518615916,-9.725492837020475,F
197,10.90955989194776,20.336211399950216,7.372966439433122,H
198,11.295774385762492,15.830462251517194,6.313932214708757,H
199,10.597557130118412,2.8104620290040145,-5.80711367212648,G
200,-2.5093520981057664,15.900236836053566,-10.411940359432915,F
201,3.830848875715662,0.5087833600564969,-3.885602171902298,A
202,6.2542359736148745,0.46089720382852273,-0.3305823689024789,B
203,10.836966145891015,6.773231628332385,7.50316487208614,H
204,-5.6140956780099875,10.271258247699386,-8.786816823524717,E
205,0.4631071370095204,16.14064167051928,-4.6789478458491915,A
206,4.712486305938213,14.292672141989733,-3.254208428296571,A
207,-0.26129705062477826,9.395092395106728,-10.961981827474286,F
208,0.3089890462792653,5.777636471126074,-4.738573922208007,A
209,6.25558395796406,20.899398715328935,-0.3442643524536825,B
210,-8.855932573609637,8.994575118493561,-4.422515541429926,E
211,2.565795007215786,9.447548624464918,-10.876131766054563,F
212,-1.5122156240439422,3.4487585069269517,-10.741583980132955,F
213,5.802449084228806,16.73201772437914,3.5273307810379073,B
214,4.860145170905528,14.565646113176076,-10.438280973725309,F
215,5.458066314000262,4.658898914171026,4.353977337237689,B
216,0.5872912137708389,1.704180475738318,7.790707512544648,C
217,8.055411699062226,14.280662014397569,-8.604772109482798,F
218,-1.729808539988691,13.734442528359823,-10.645617925282357,F
219,12.65855002268101,5.701121149635384,1.8723843254467016,G
220,-0.960972242804284,19.95929609910283,-10.90964903315722,F
221,-8.043360497949653,3.0947848124557176,-6.081482244691848,E
222,4.285547514602134,9.054473134537535,-3.641210137744173,A
223,-2.6699318193154054,19.801690548851095,7.775976722865967,C
224,4.288552089548417,8.801464667823799,5.683906753694346,C
225,5.2290964339350925,13.396970028652257,4.60810062870401,B
226,3.471936428514275,8.346394147225674,13.332299256512972,H
227,-4.529015496135063,5.782491325226373,7.112611456281531,D
228,11.091477418105411,20.707256460863018,6.8875313122567,H
229,-3.507503033002352,8.56352587127349,-10.084985515768263,F
230,11.332587192087432,18.715923234492365,-4.38598640930505,G
231,-9.4087107062636,4.776944503100655,-0.29344882219270296,E
232,-7.594165024590883,4.450838638467003,-6.705823683034678,E
233,-9.403887015182558,0.6362196746839132,0.6315794812861982,D
234,6.300836202492105,13.646503529583713,1.7593184713128027,B
235,5.744667267215608,7.67424738498649,-10.009530345402377,F
236,3.51396067366231,18.12871720525867,6.483083326994608,C
237,1.1896060513990883,9.9464793715284,-4.7471990229270995,A
238,-2.2359358274210797,20.361813459500933,-10.55184715461751,F
239,6.356478454707428,3.868164677110128,0.6065240353254164,B
240,7.216769396023701,18.220436635960652,11.5067909646544,H
241,5.798351830756685,16.26219899318421,12.419306350251627,H
242,9.598570652202921,16.187786779006352,9.267993285579076,H
243,-2.827144088674477,17.6980263587451,7.695768331766779,C
244,0.6892462777186961,16.010160200465037,-4.814824897141585,A
245,8.378418510229807,13.06133342966302,10.515263367286472,H
246,-6.76565266120242,2.738160947707516,5.429504552803698,D
247,4.274043273807553,0.6981051362758773,13.095084343454598,H
248,4.73262986413152,19.34699652994555,12.92193420071777,H
249,12.530146355930485,13.084308288134523,2.2711918303035445,G
250,2.6475682476994518,16.744773111728097,6.929435896215599,C
251,-3.9858745325451808,10.06176665192145,7.376614629943857,D
252,12.465165435004616,2.4586987558558304,2.082045702116751,G
253,1.106926604898395,2.5400893195802365,7.633074434767113,C
254,6.320938752438145,14.39284104434356,0.16977899998016815,B
255,-8.54121674434856,8.994770990038678,-5.17940858351356,E
256,7.582906966300393,4.256788774485079,11.190813200828845,H
257,3.124597431428369,10.296008467840396,-10.802874802170654,F
258,-7.989371734533302,1.3425493827880537,-6.235508369087449,E
259,4.471058166819023,12.189621548132154,-3.407179595266981,A
260,-4.836088354452828,5.735804060729718,-9.330383742022311,E
261,1.3593492322202563,16.732678975075057,13.986653927289318,H
262,5.830882513816301,6.609228989569009,-1.5588566981188199,B
263,-9.499234013775954,9.600330718823738,-1.7394221654384685,E
264,11.771593636655409,0.26813467443688266,5.215612444178023,H
265,7.483133881107356,1.5398213010516126,-8.962310988757688,F
266,3.172536732164843,8.262054549451195,-10.843126884231518,F
267,3.7041374823134925,9.982331900092312,-10.752725320321053,F
268,-1.9834277121625188,12.586487340797841,7.835596709998873,C
269,2.7402518715396487,6.167172051454584,6.974347682567063,C
270,12.015571110280328,14.592174749483688,-2.7666905617959228,G
271,12.020531012671121,17.992310848633117,-2.671524918345046,G
272,12.24686922397509,16.374250544231472,3.9947973589364723,G
273,9.739548177921638,0.9172006081282746,9.167902468909238,H
274,-9.531787619338788,10.152990478191144,-1.0758015597832982,E
275,-9.367558250752781,2.200433546313371,-0.11050867755876725,D
276,11.570081072008819,5.130517796965981,-3.9085681392024214,G
277,-1.6981573643803465,20.701589107591676,-10.680096655476387,F
278,3.735144587475985,2.907212821590442,-10.717212261281437,F
279,11.467756270469561,10.430427923072,-4.257780391988879,G
280,11.323464869100155,13.05941485910591,6.721064924121233,H
281,-0.33254024044293534,14.738064727334718,7.8191475788897655,C
282,-3.2304324752278917,11.740453154256445,7.558043787349486,C
283,4.353255028256081,0.1901958859891128,-3.561837164305519,A
284,-7.57715285276587,6.95089430260248,-6.773872147322059,E
285,1.6839533924311771,10.953242456847043,-4.745099856933907,A
286,-8.628033356869691,1.9561354937139073,2.8508498271453035,D
287,-9.054041170174568,7.355213294872794,-3.859546922344661,E
288,3.157791115548098,0.7120465090560526,6.673010227507864,C
289,-6.832176012878271,1.574316312784396,-7.800432362907663,E
290,1.3900980344260534,8.409235521539431,-4.745747089527385,A
291,1.7507131124883641,2.7286418573408704,-4.822454626714379,A
292,12.40949092544077,11.929196591680853,-1.1783182768962581,G
293,-2.0816445556066774,14.423899225500938,7.890182441148586,C
294,5.566214808737113,16.782877339953803,-2.1006269659734236,A
295,-9.466792035478571,4.161292007588528,-2.0281231422523582,E
296,9.947728277892306,3.486740464406674,-6.735903390934471,G
297,6.056713898643946,2.168968511864956,2.9431632628406925,B
298,-4.275826887329182,13.337621800670115,-9.721197045393703,E
299,4.063054320581852,14.87765695181394,-3.801513634777922,A
300,2.3739607610945614,0.6080659016853568,-4.529971304518416,A
301,-9.252991302719881,19.67148424246818,-2.8861799632311373,E
302,-9.04721571041046,1.1522949142961987,-3.683271055762434,E
303,-2.950195001995169,11.34156322309681,-10.323183772189639,F
304,6.208448433598295,14.854374963931864,-9.859968648463433,F
305,3.1259039450203834,18.278825367408785,13.580463020788452,H
306,-9.451161143346209,15.054811835199018,-1.5019213198195107,E
307,0.7703589822204803,16.845995126013296,7.709349046835794,C
308,11.419656568080157,7.101893328668548,-4.317364263608983,G
309,4.076776876972991,17.135521221236157,6.001054467206693,C
310,-7.385969068371003,1.627297166586357,4.813709268013643,D
311,3.5863923053230193,18.82521775279323,-4.0388604413945925,A
312,1.2369872114546885,11.51987026461355,-4.8292545947767564,A
313,4.6700511346264495,17.147862745655424,12.903333869913801,H
314,12.639025897143405,9.456754684961941,0.3300388398391635,G
315,3.1303562870534756,13.47079755301285,-10.76184193387688,F
316,-5.65610732430914,11.081196746475673,6.488547990346804,D
317,6.3127331420758,15.424828981986423,0.44592387455054666,B
318,6.102756567801465,1.6823642352909414,-0.6650662454944768,B
319,4.977656924096594,1.290313098979414,5.019183008692139,B
320,-8.858809838447035,5.084816563282972,-4.479919945226512,E
321,5.03591121030503,3.321207395844095,-10.37293915139046,F
322,-0.6007720118777023,18.305901951792688,-10.951252628588692,F
323,3.6150251461632203,4.558009563669839,6.49885835339505,C
324,5.6303497092697095,20.446345053462277,12.537289573398214,H
325,7.24667219521936,7.0414226493698,-9.122982796840018,F
326,-8.745622241970525,3.839085865879004,-4.947394437424572,E
327,-5.226931805208661,16.574302199071745,-9.113737604927822,E
328,-6.247339581995184,13.72095172385215,5.971845181781056,D
329,5.1693171817935495,10.356075037884166,4.8842037690337925,B
330,-1.770023358978253,11.632291310797397,7.792216845008532,C
331,8.949479720324616,15.126121673020217,-7.784983955221739,G
332,0.6543280407943166,4.6601743258210115,-4.806708849902776,A
333,5.1726629013297885,20.898025728384,-2.6381348908003175,A
334,2.121377799949276,20.444344012256572,-4.779625363483267,A
335,1.929759818664452,13.726256302196097,-4.733480671584746,A
336,12.474432917695937,4.171140378926404,2.6520207921689902,G
337,3.874618769618441,14.303942540294164,-10.619263432150229,F
338,-8.88341617578646,1.5232294455670659,2.247441194019988,D
339,4.490142085300667,0.5371742223315673,-3.375072076685909,A
340,-9.338416804198838,5.449751019567074,0.6977227406436776,D
341,-8.894963397046096,9.725851916798458,2.1746722031718235,D
342,6.328328780739337,18.25913604555972,0.3708932206466274,B
343,-7.164124356120284,15.466862350414283,5.188537043624479,D
344,-4.893389332370043,15.492631298224673,6.9900594685187265,D
345,-4.7664942689961665,9.021594855897638,-9.29784564674994,E
346,-3.1085728067183847,7.250262467516204,-10.206384491215927,F
347,2.113562330638583,7.806180467896807,-4.658977006902557,A
348,-3.091797619762386,20.73836522619215,7.599226740121812,C
349,-3.997753906058172,0.82108120299223,-9.84235725132272,E
350,-9.391550408783473,18.179169772159483,-0.19596222233267593,E
351,12.499833178806146,12.168659016798912,2.720952749730618,G
352,-0.8251987839270203,9.135065118147816,-10.808873934741616,F
353,6.266530635558053,15.267939827093954,-0.2358331397335421,B
354,3.240082693855088,10.199238049674497,-4.165046119036668,A
355,-2.4955306079884916,18.28538453276285,-10.557459736887852,F
356,1.1673269190803726,18.89223850133664,-4.778860464976627,A
357,-7.060356722805129,8.918996925185692,-7.437422514106372,E
358,7.334971713987188,5.786616987585272,11.4057731852252,H
359,-7.566494080023996,12.457279581371088,-6.606326496331548,E
360,-4.104281991590471,19.123082444164737,7.327996711604037,D
361,-2.329974089089004,4.461802061615179,-10.556981666229227,F
362,-8.431282566001013,13.116573641772648,3.3875109622912385,D
363,-8.985019290536906,13.355195063607752,-4.112087499353588,E
364,7.081032035459115,15.38659527344594,11.5656336340832,H
365,-4.015362048486015,2.796354127910351,7.367017655748796,D
366,4.917191183703161,15.037227635300807,12.907878073238347,H
367,10.285863950845217,19.15447652307161,8.312557130039414,H
368,6.213212966838004,3.737403666894645,1.870283660092303,B
369,3.300735556194031,5.025660089045295,-4.24856316117613,A
370,4.551458598515335,20.389562110068596,-3.3118005968904907,A
371,0.846628740611465,3.79730659804386,-4.892855924785686,A
372,4.457609574130692,17.946674584983583,-3.5389568913291085,A
373,1.6643073680745222,10.350447005230064,-11.034441714668713,F
374,3.2204088801595563,5.18604111031062,-4.168417557635286,A
375,1.0269905033935536,18.296483585881266,7.671227176285328,C
376,12.65527920787951,9.430316257934084,1.3171241127177997,G
377,1.170953917992494,10.860436916804256,-4.804958985577477,A
378,12.131798939299571,7.587358487019925,-2.157488396194487,G
379,3.4613688373784783,12.429190903832282,6.594803296726549,C
380,5.204625469174987,3.3895392828740616,-2.5270453524472374,A
381,3.1486341480370665,8.260477297598863,-10.790999730641474,F
382,-3.5715298320678732,20.401461108667526,-9.971594290589428,F
383,11.800002278072729,5.4944356205112275,5.265620823214166,H
384,7.007971906725548,13.761270924068674,-9.241388615881728,F
385,11.825366554396997,6.817513915950575,-3.477635654885351,G
386,3.480560212840345,16.160961431292343,6.508244123405756,C
387,6.35673549967122,2.7287233197823024,0.6085113118811174,B
388,8.398054033603438,20.41607047217841,-8.267115882039784,F
389,11.914932326373147,9.506255600095013,-2.9826085274906515,G
390,1.2688629853922482,4.989083720035785,13.96162254185465,H
391,-5.862674887082648,1.5339065386303752,6.190074223450633,D
392,-2.899428669425503,3.5811188582494333,7.657743759935117,C
393,10.321495364699834,10.857868350185587,-6.102789787516605,G
394,-0.5386009474475485,7.081327177538707,7.931636205304739,C
395,8.187064421525147,17.256993884989765,10.735029027618298,H
396,12.503059827654432,9.039293188989825,2.9840575570789,G
397,-6.86963235729373,5.141476062154472,5.367744682810778,D
398,8.315714400919942,13.020344444511972,-8.2417285946941,F
399,8.773972680760169,14.881191922232587,-8.03687463612923,G
400,4.649777865920585,3.531213615018251,-3.0951255415468557,A
401,10.471481994582856,3.59605385341264,8.05334625088908,H
402,-9.492457515844771,0.7226541395631605,-0.4978409278102511,E
403,12.544048038984373,15.551810476274229,-0.8401479242310884,G
404,0.8583052974757711,13.986504658270926,7.663646411232556,C
405,11.114098251396815,9.955420626385143,7.263167301503036,H
406,-4.158838778719134,17.784360435712287,7.301207854375338,D
407,0.5020753614832358,16.863758536330533,-4.780117258476567,A
408,10.304497396253351,12.251215944255412,8.282176010835663,H
409,4.238838040017514,18.203267404616447,-3.5398395234124225,A
410,1.0433971655361887,4.296216525368933,7.657004654659956,C
411,6.229614712878728,2.297484125214273,12.219014891049708,H
412,6.164772870160182,5.725895995211548,12.18643533438945,H
413,-7.784378554665054,1.1858812578571205,-6.438286063181312,E
414,-3.4489696911321595,11.172185336439515,-10.082175379722214,F
415,-7.911864300133613,19.64020196987351,4.0799346471977245,D
416,2.7503203568351027,0.7351841890112767,7.048436161348149,C
417,0.400234592605846,2.577811062130134,7.866951940059283,C
418,0.6388365224214523,9.400566845181151,-11.053783506160507,F
419,8.38388888190749,19.60794366578173,-8.212485524752394,G
420,11.275187217348343,6.57086245257012,-4.65025415460146,G
421,11.14701671514425,10.751294782417782,-4.862859004140988,G
422,4.220288486140886,0.9185981761669701,-3.6192894631873505,A
423,-9.378660395405085,3.12049490976744,0.5022107736036592,D
424,2.769084954163411,20.782417916018517,-4.47512330578309,A
425,-8.785935521179224,20.22517682628367,-4.379139074726049,E
426,-7.598774100410656,0.13091356855610659,4.6746149390047815,D
427,11.419237694827514,19.998038015573954,6.360046188082355,H
428,-1.3713990870223818,13.434719698192191,7.9779641446039005,C
429,5.122788632391786,18.289901859925806,-2.538679804784521,A
430,5.878484907361375,9.586161573450031,-1.1833934174606728,B
431,9.311071779705184,10.841952783305507,-7.5036082031969205,G
432,-4.599122918496626,10.183033813583908,-9.447087216462181,E
433,4.644075897602046,13.956147093704217,-3.385488771727379,A
434,3.957205226385169,2.9265409032027847,-3.836539732904385,A
435,3.6217088400439823,0.6341140060400696,-10.759896352314671,F
436,3.3864382581068675,6.4100185871813125,-4.081620151813109,A
437,12.407069041330232,14.918879851248501,-1.3832543245685,G
438,4.182751546784073,4.314742197344594,-10.671340327471084,F
439,3.8388732638467746,14.172187015842887,-3.9696428871327156,A
440,4.01186152737904,20.37175481131687,-3.94067152881765,A
441,1.7950390096226247,1.9613045830827287,13.937871254004564,H
442,-3.083273394558059,14.07704855972654,7.530826884292584,C
443,-2.7727173840423935,9.322628631321939,7.704959117403688,C
444,12.140544330344028,18.24387496893475,-2.483441515314385,G
445,6.461372399657202,3.658057549621023,11.97266371962156,H
446,1.8342965706269625,14.5618538176117,13.965678830653893,H
447,8.577341078930447,17.592658130169077,-8.064752423932191,G
448,-3.2845221542671403,19.741508231060617,7.548677529859126,C
449,3.887541818170357,14.305189343543587,-3.884058881087417,A
450,10.348608270947473,10.419989767505891,-6.079384955594434,G
451,-8.517190121403658,13.0691764270925,-5.194092771429926,E
452,-6.676605667110831,18.27483233027977,5.637145136893614,D
453,10.248314484296849,11.916030600960429,8.44831945038736,H
454,4.991056409907631,0.6624300681044559,-3.0113579981467615,A
455,-9.373536193136715,19.472557406199613,0.6182368544983586,D
456,0.5476808134636638,14.534196324357138,-4.8162430685640265,A
457,-8.687188589130596,14.183224868731283,2.6891511960714234,D
458,2.5730721284976728,4.524496390915101,-4.520883153541325,A
459,5.211023130181516,13.90288470726291,-2.6121540474183007,A
460,5.168478768828364,8.206794340308114,-2.649398616258308,A
461,-1.820917396230163,13.606036608615685,-10.674862943882681,F
462,8.030281326682593,2.2092736701505054,-8.611703162731015,F
463,-7.2272008125336455,13.866670339214723,-7.251287701319093,E
464,4.796370650020338,20.911720937410156,12.890064602997597,H
465,-3.2463001760164043,0.8708450361661481,7.656464175655066,C
466,3.2448885595698425,20.498099925727214,6.6458691501519205,C
467,12.130844157221084,8.57265421517583,4.204279792420257,G
468,5.864418257595615,18.345835544569383,3.594534022750212,B
469,4.698796560107908,16.406937097119474,12.8991918771305,H
470,0.6197661960308878,11.886770150364224,-4.887898326886047,A
471,3.8146914973807347,15.565128430990645,13.337975742002886,H
472,1.8744069951283988,18.35533970234353,-4.735383042329735,A
473,11.222008076195795,8.467520715912542,6.779433885632736,H
474,-9.26760070125917,6.877217587324266,-2.539180468940008,E
475,0.9942356357042443,14.041922032899532,14.026952573337038,H
476,3.4757704904861924,16.939274446106886,-4.07184635949245,A
477,-8.70476185147564,16.009709880894224,-4.787512516473775,E
478,3.9911127793521444,16.629670258360676,13.315431086703862,H
479,-9.463570685445287,9.1143371904549,-2.1533604371844164,E
480,-3.6385248755231467,17.197193975303176,-10.052007961667728,F
481,3.075662834737407,2.4752754610700434,-10.990939795254144,F
482,-8.13019139183393,11.43722026825732,3.697083220003451,D
483,-3.690922221797046,0.14327549550068785,-9.865402720284445,F
484,-7.139483565691464,6.799174967862788,-7.26687528976201,E
485,10.572759532950863,7.7042154208491835,7.867118765360919,H
486,2.133889964417968,8.271489895530133,-4.677434565115184,A
487,3.3987510287997558,14.594480776502303,6.447450448678037,C
488,6.123944557396752,8.190230935156722,12.21410041760769,H
489,11.241159241166457,9.430414723121565,6.736244907692056,H
490,-8.257864076100857,4.95910018488268,3.574773317617384,D
491,-4.475393659535478,7.849498444430681,-9.542887635367265,E
492,3.645892559330636,4.808392662058012,6.377945348244858,C
493,6.409309716666111,1.4346173352084426,1.281697579735072,B
494,-8.556209469146005,12.730374164256732,3.082249344646493,D
495,-1.5089151633345268,14.015656032721289,8.040661960447023,C
496,-7.2162275664276,13.030571762863916,-7.24898922536328,E
497,3.649543966012312,9.793237265994282,-4.028254642822345,A
498,3.3621912368229947,7.906917698902303,13.456275190934777,H
499,1.7719094293977062,18.09453459088695,13.898145934882255,H
500,3.270055467362951,10.886290053066794,-10.775547793164925,F
501,-9.220512798712313,10.023631754168129,-3.2485953886359757,E
502,1.6301893124601587,0.6252302107269898,7.387403724084309,C
503,12.131920864049318,7.123365775457944,-2.2569336263256723,G
504,1.8680447104290487,7.956330655528655,-10.931280335725999,F
505,6.2841887308668465,8.385497850415058,-0.21586880346743692,B
506,9.910636088860265,12.123512277470175,8.928837327601698,H
507,12.409830553669517,11.185869445676634,-1.2779477415337779,G
508,6.268838047170547,12.781879611724845,12.200526081034866,H
509,6.095759284303576,16.04590547216557,-9.794692877511542,F
510,-5.028754632731817,17.068031170092965,-9.24713472810766,E
511,-6.214868415653785,15.054117995133964,6.043806962944931,D
512,8.012364649086333,19.99027409959459,10.829268787322153,H
513,12.2379755251973,0.39896389677055616,3.8772765569156156,G
514,2.002299789476721,4.19908435293683,-4.66947053262537,A
515,1.21343279607264,0.15974045608015644,-4.793639626823366,A
516,-3.1949600757886736,13.60823220310904,7.527897284759544,C
517,12.114404158271299,18.89327766570557,-2.5788356707505087,G
518,1.7251873787589342,5.04966170327495,13.945179244669971,H
519,6.120091483100509,19.55285117362892,-0.9703887687312289,B
520,-6.508747896774275,1.275731635901918,-8.07153765605873,E
521,-3.5879861904504997,19.704749407870256,7.474866648374537,D
522,3.8448850774255305,7.347424782256124,13.278121001982825,H
523,12.590031282844024,2.220740493561438,1.0518403496815667,G
524,12.630262838417563,10.242064717614578,0.5754694335390153,G
525,-8.674980140185015,5.419959926423284,2.5545242522922234,D
526,-5.996570416131689,5.994032163918036,6.182444715657592,D
527,3.878955700976468,6.440662832548296,6.141898541027896,C
528,2.656898767509769,16.923570437409627,-4.489111309643907,A
529,12.333520075892602,11.329404803672746,3.7149174196362607,G
530,12.072885508139297,6.439108197096719,-2.2841906359403588,G
531,-0.07719905704937782,12.761150126443935,14.038874009417604,H
532,0.41950027274661095,15.029871871077427,14.163942935488326,H
533,-8.681371337572426,5.740603964562487,-4.974761912782391,E
534,9.801809658462243,8.681701707587386,-6.773589507839236,G
535,6.765170273111361,2.620556499565582,11.816870036686545,H
536,12.547402154644104,3.7065812470263553,2.005081220667715,G
537,5.176107208984696,14.310654330089896,4.83517737086407,B
538,-7.986646607314609,3.7193063403388082,3.971229862277082,D
539,5.578065147294076,11.066416671782473,-1.9817210776605187,B
540,5.78202905919813,14.885248560448986,12.433357772037404,H
541,-5.683936852299032,2.2653958835908266,-8.765421340903906,E
542,5.7806714211566455,11.870362464177486,3.8487652244217094,B
543,0.5199457469192671,5.4517917043115265,-11.082190070227655,F
544,-4.620887381485966,20.273550613192118,-9.424760090130412,E
545,-1.9290486724331868,10.183635796269014,7.8380523658926515,C
546,4.995558428116077,16.919367682935146,-2.781701939417383,A
547,0.5513186760728966,11.583750249546254,-11.026399422327742,F
548,-9.421758965402798,0.876318561551835,-1.904287784950224,E
549,10.017578540445058,13.338956670425503,-6.560764004401006,G
550,-9.485205372410455,20.061944231055993,-1.748634415121049,E
551,12.599736018883005,12.687378751071913,2.296265380653194,G
552,-8.810589543882166,17.166485924472223,-4.662003403414044,E
553,-8.312696730331448,18.58640659618022,-5.420055159806947,E
554,11.863152535615148,4.72501813373965,5.136678394041395,H
555,-5.1965378863730045,4.481561153631544,6.788736326957486,D
556,5.678311937089132,12.853130936513955,-1.8199732467461067,B
557,1.365558451644965,8.538107048964191,-4.7898211719677235,A
558,8.73247042133962,17.578998168005512,-7.892701053708329,G
559,-4.475910390358868,18.886328646521044,-9.605712920191067,E
560,3.9211251512755596,7.406805978000039,-10.572042177031562,F
561,6.039819930384255,4.913807891693183,2.763341351998689,B
562,5.791878536081217,16.410484756588705,-1.6078287606217796,B
563,0.637025766670663,5.783500426957883,-4.822611135313963,A
564,-1.3093291598112127,17.265187232188318,7.898700374372157,C
565,-6.848842110629223,8.860713751616101,-7.794543258690202,E
566,-4.560864273041575,14.070983241441708,7.12326805023904,D
567,-7.354834907378923,2.089011946182447,4.85848279624922,D
568,10.514039433529412,13.076867744015708,8.16185424618411,H
569,-1.0814127081674991,9.45651290762407,7.90882136327358,C
570,-9.474643597489534,12.343338109955557,-1.2084832876547131,E
571,10.782880519241521,3.5103968936547827,-5.449559962693206,G
572,-4.740158986994435,15.467378783794663,7.009520940820641,D
573,-4.286390363705673,18.155721285994034,-9.710399129879525,E
574,12.303327682089463,4.456067997530924,3.4253742312769537,G
575,6.312798080310986,2.0759207821660297,12.234196164180933,H
576,6.0306087352798965,0.5000443331895313,-1.1565327415868234,B
577,8.613963068565871,13.460826852080478,10.436182903766365,H
578,-9.302752735697585,12.744513050153323,0.6819686438303072,D
579,4.646675365321302,11.478767134746498,5.430299624630443,C
580,-8.343819319930132,4.784328953263237,3.4495811485079164,D
581,2.6391618050304713,8.28377282538847,13.766300083752238,H
582,-9.350274938038227,12.486069320523166,0.6448024746488417,D
583,0.3084988945140996,10.454254142564926,7.784106642855063,C
584,-3.2893768974334514,20.791073413041335,-10.16412916660728,F
585,5.446218964554127,2.8141766808133806,4.47075399649996,B
586,3.496311728246626,14.62170922995123,-4.053633504209065,A
587,5.481764069467875,8.477312075645196,-2.0662730213997373,A
588,5.53962189474999,9.034530452198736,-2.076336750707581,A
589,6.08719820032548,14.963191707804125,-0.7702513596158453,B
590,5.823410023866357,14.536204462799699,-1.5426158062179418,B
591,-2.575886742739968,20.786234834956755,-10.42079053341821,F
592,6.349460404292397,2.7178932260683375,0.8423615570994126,B
593,-0.849918529669865,2.2098048464359032,7.7849002837216315,C
594,10.799493992563857,15.175733864962462,7.431408889107266,H
595,-8.945772282569683,12.110516563925788,2.225386776028934,D
596,0.08724923499577715,5.751840729328057,-11.02932352839607,F
597,6.245314277554915,1.6229746374029583,0.34962493397270633,B
598,6.326557214384205,1.8409224262976478,1.5573206607611851,B
599,1.9983504116988124,18.75954800792411,-4.667687592485899,A
600,6.304168013784626,3.8838644081275193,0.1390813941132817,B
601,3.6317810802347505,6.772061701594845,6.345495315746589,C
602,6.287368471118506,4.70785725572455,0.6705637467738355,B
603,4.085912743315287,7.373358631697636,-3.7306907416563315,A
604,5.288725577264627,1.3960293657568321,-2.4324443945785856,A
605,-8.459368822745645,10.905726032665326,3.247659789432097,D
606,6.261299484995206,1.4862958768489245,2.3986933221890356,B
607,-2.3136049310946367,16.82314588796284,7.805966986541735,C
608,-9.507653473830443,4.877628550708306,-0.3038872092211095,E
609,2.5004455283189237,11.363045416453257,-10.915837801879052,F
610,1.8653731754211071,18.458706323279674,-4.751421622696266,A
611,11.68305877578054,13.63369473153292,-3.9409057776829908,G
612,-3.7190290101267482,11.134395384166393,-9.950190980755625,F
613,3.7683263437094583,6.723417375085302,-3.894436343476741,A
614,11.98499061100745,6.973543988894184,4.778565024492254,G
615,9.023596736113463,14.067128733658,9.824638643047368,H
616,2.866983589105065,20.872095402143774,-4.386500293086595,A
617,3.7379287982114406,13.877824640439583,6.27406661560792,C
618,11.959718765326716,11.666164461735685,-3.190946658919175,G
619,8.177451777675044,15.374073024608416,-8.462159338807677,F
620,6.3443421170097976,9.70346126196075,1.0562835146748564,B
621,6.159366601218447,1.3017905903086633,2.569127743959999,B
622,-2.855082926843815,11.75812228248977,7.697781359245381,C
623,-9.075893393134393,20.072509212745334,1.3732714276187363,D
624,-4.724041798751788,3.608022529980069,-9.46161338514428,E
625,-2.685760547615635,14.465032599889698,7.748519123752413,C
626,-8.410814376505037,4.268373084764084,3.227747290276946,D
627,8.113387699645024,11.278162778356904,-8.526475176038922,F
628,1.704616789196679,2.0791265481825136,-4.744903336497743,A
629,4.8801282440232825,9.483896788718585,5.102861511857929,B
630,4.861585871081668,15.824246415373649,-10.388767438281334,F
631,11.045009235460457,7.282462547802246,7.211549274314391,H
632,-9.58774075356889,13.924136257775706,-1.0711989758202496,E
633,-9.20862049582914,16.770977921786265,-2.8814134581517132,E
634,4.774985050172666,19.41089477674719,-2.925747747567299,A
635,-7.8680462201076535,4.972168603433979,4.210751167153154,D
636,-9.297408865520733,8.43028192550091,-2.965709185998539,E
637,5.3158772618706225,3.2922172900245705,4.581615518509075,B
638,4.037832091764022,20.821669215694403,5.986862728699286,C
639,-3.304698528442836,19.50263643438921,7.5821253140184535,C
640,1.0229059984957583,11.453182327718695,-4.749913356540003,A
641,0.7521071708821241,17.651817098058164,7.583051174258083,C
642,6.126335997385094,10.863365510336267,2.6273559575840184,B
643,0.3956505100888336,13.001298946362565,7.762390704757663,C
644,5.3009093553777875,1.9072486758794156,-2.444005530710629,A
645,11.248043613095538,15.766521320030037,6.64888977696166,H
646,-6.582503929210278,2.6633672036930354,-8.107979252572909,E
647,1.3238675738337036,17.369285894655047,-11.007979994671668,F
648,11.203045718254335,16.4318486179196,-4.900174716630754,G
649,-9.418627023716327,14.904910895811714,0.08364297987316549,D
650,4.077385707477164,0.7704824838100471,-3.8262637732145914,A
651,-9.247496206275757,6.42963876551757,-3.3975787832103324,E
652,-7.047513075110315,5.47774814909076,-7.472989831239196,E
653,7.959326423541527,7.529014799978975,-8.68030354861246,F
654,-6.947218952115486,1.8018647097770681,5.2972748862615395,D
655,5.53577223382711,19.717623874245447,-2.2726814116715786,A
656,3.310453121177517,11.674866984379655,6.552876885531789,C
657,-2.250961455930137,6.43857178978442,7.760418382673557,C
658,-2.1611215452621417,8.395786541904448,-10.606976240501288,F
659,-7.898312398619637,9.332351307232729,-6.270593116464196,E
660,-1.6736547950789191,12.69584220615052,7.923438429593771,C
661,1.753157678135524,10.905429912712066,13.804115679028758,H
662,-5.681482847843809,19.344012537365053,-8.749794479541126,E
663,5.480890257368619,10.52532308646099,4.315440235045678,B
664,4.6219927983607185,20.752487150905676,-3.1633389273577897,A
665,6.097719639800313,17.853701705833878,-0.822544690092951,B
666,5.2620316108886955,4.341955628469955,4.7945714208107475,B
667,6.204519492311825,19.578573473710108,-0.4412596565370445,B
668,6.339345986577321,2.3911873186148904,1.0869286532107225,B
669,3.2169244320514867,17.204318635781895,6.689974059423094,C
670,6.370931386458304,8.061615970208017,0.40061894941524856,B
671,10.87190433751015,18.472220874350658,7.468436784591231,H
672,3.7198009965969328,18.24337804343953,-4.046832592725462,A
673,-9.333217492872178,16.875039735425005,-2.184844331952804,E
674,-5.627297650918876,16.54829661414202,6.508343184004868,D
675,2.279612561182496,6.46074286632369,13.799843314572868,H
676,4.927222462362356,1.7382723942715623,-2.826544638568438,A
677,-4.784148863043255,8.460632778099512,6.945522032652862,D
678,3.8959671801754374,3.6231193374283874,13.201528233338715,H
679,12.321979351953436,14.492682473296126,3.910708679578497,G
680,12.169110584766793,7.214551636359275,-1.9255226737713176,G
681,4.705680240508763,20.5833851724152,5.437986794383663,C
682,6.257405414904485,13.396390845701848,0.17331739906445065,B
683,0.24170524967636148,17.281565827382632,-11.071264806216233,F
684,8.319982045562508,2.833390326238577,10.667624715805985,H
685,-8.61587571179774,18.03955799432496,-5.0950658885944975,E
686,-7.905685348583281,19.387136524520336,-6.238096137100423,E
687,3.577018916021157,10.275196072073186,6.437234671245735,C
688,9.868804253786784,12.731936658865889,-6.864462497477645,G
689,6.385408961923451,16.204425971746243,1.2805384836485136,B
690,0.8041849490798881,3.588181209524754,7.701387459282563,C
691,-6.733741822935442,10.606824032226484,5.672113047295021,D
692,-9.391225896186617,8.363283496348751,-0.6793030442598909,E
693,5.293859569233054,3.112449843149065,4.504212148423529,B
694,5.072041919993221,7.740288225707122,-2.711170986149686,A
695,-5.342087827406378,1.394960687239865,-8.930857955553803,E
696,3.0302055656848323,0.5534998655621937,6.807348558869236,C
697,-7.30050973291397,2.7455969996813634,-7.0649187449866275,E
698,6.119426382307342,20.255579718401222,-0.659794693150358,B
699,-9.025773291048171,11.555028177094883,1.6455541983675508,D
700,-9.349027583519758,20.314198392649775,-2.9318884512869365,E
701,2.439804439973675,9.135361361187128,-4.647279150868246,A
702,-0.30565352260820805,6.566519786800937,7.892755552442333,C
703,5.723290172256726,10.63638359063504,-1.7378584078150128,B
704,3.030552590963955,9.18569204445805,-4.4321680918488955,A
705,1.305721781963103,2.18334733131417,14.050951553909119,H
706,0.6703748447810127,13.516689339503197,7.7044580997263195,C
707,12.054713839323547,4.6086186029868905,-2.751681660842659,G
708,4.826306184653775,12.99944153103882,5.2941336607247935,C
709,1.5721704623986914,13.656523077723884,-11.041061109558889,F
710,9.229695909273886,3.147291196951922,-7.5132724839133305,G
711,-6.461272462477953,1.3469800115874035,-8.112151724631603,E
712,-8.79627158838019,16.429264148621826,2.420795926903455,D
713,-5.734606433885763,9.752869770978911,6.371485331540578,D
714,-1.2561129943602445,1.1775235517560045,7.92934121452058,C
715,8.320837436325514,20.8732922656142,10.509227801392868,H
716,12.511481347132419,1.224964077049978,-0.37679742785595877,G
717,4.46511759021587,14.628064282915904,13.110728483678006,H
718,5.438331148411463,20.646474048654305,-2.2942192380160193,A
719,6.574397568272366,4.979134134011753,-9.567230621229392,F
720,7.408028870712099,3.031307118877298,11.26280850090148,H
721,6.361769053028243,2.5851404959982855,0.8246818269877068,B
722,3.076941912899692,6.32296439389132,-4.425548181558267,A
723,7.496615391685431,2.189734171278855,-8.938726288274113,F
724,-7.69897568210568,14.5938981110366,-6.5683488678583775,E
725,12.548483140154534,1.314842585593706,0.9631598699588022,G
726,5.870363336003054,10.701844584264386,-1.5154604030743313,B
727,11.453497460279147,20.958336819468308,-4.268099859680699,G
728,6.170664885650223,17.050290506113583,2.2443025418794993,B
729,6.218413767827602,12.921109776809434,-0.2530531085754749,B
730,6.318660454530227,6.323706859288386,-0.08368059650311332,B
731,12.147391528022368,13.145635344399555,-2.130376163908792,G
732,-0.17530348038703317,10.989796081022591,-11.019626589759051,F
733,-9.39212785066237,9.02292205311925,-2.0694446101311126,E
734,-1.8872614519172008,2.7284119068458668,7.838819143130877,C
735,11.873614753110205,18.60810517095324,5.224061175587879,H
736,-4.477158532404072,9.414090929943546,7.214660015838622,D
737,12.325772339995796,4.072670804539962,-1.9186263238678067,G
738,-7.3474015834836885,7.793872935680484,4.828880722113752,D
739,-3.2533327962938783,8.572334370280714,7.555113611020822,C
740,-8.513293526039394,17.44214407620877,3.051704188104982,D
741,2.2000572375889607,15.42280316584453,7.202426821739474,C
742,8.083523032548992,16.095051684075276,-8.439350972121781,F
743,-9.421185325522314,0.1778909333491296,-0.3186317755472527,E
744,5.646428533327282,8.823053613135404,3.9443262437073696,B
745,10.772565234590642,10.060951840344659,7.716750236527897,H
746,-3.788410481044689,0.34537028775439244,7.353290020367991,D
747,-9.09340293956662,5.512943110763955,-3.9643437042389134,E
748,10.28175621480789,15.98301392937913,8.409570735804822,H
749,-4.174897098926453,2.83240754148216,-9.828052609522937,E
750,5.166970206434637,11.252344009274655,-2.6769615853306634,A
751,7.301851263885997,4.467951678179974,11.48126529749283,H
752,-3.7156134495488478,0.309577337442889,-9.985327724053583,F
753,0.03889715004060178,5.118299157834027,7.788042510007021,C
754,5.855630318656154,20.519949163052228,-1.5698577897772799,B
755,11.359334920699997,16.850362402605132,-4.378977606803802,G
756,-4.461436223393844,20.23916893698507,-9.564675704298335,E
757,-9.215411215149182,10.244919238823023,-3.044250126338984,E
758,11.038754447955647,2.2453664659565336,7.099809127901539,H
759,11.170913842699669,11.529622964089167,-5.057478007462912,G
760,6.092187943945671,9.646226378236033,-0.8401940510133079,B
761,1.5723590827699911,17.680760762872644,7.5113292926341755,C
762,5.091991771391854,2.0416610581344368,4.896176498526144,B
763,7.8249198589828435,10.273886179362414,-8.699007572970682,F
764,1.604786932879389,3.1483267161233823,-4.835766681572816,A
765,-8.004790425162806,6.769079285672394,-6.115548986997596,E
766,9.313225275255936,15.540591517955317,-7.3621360948606505,G
767,11.84869855028447,10.11238275284496,5.147554076549719,H
768,-0.6316575544821471,7.903460561012351,7.908477931797528,C
769,12.410937847743593,8.238798435483941,-1.419579325472227,G
770,4.993872687701854,9.570934110273045,-2.8390085260148488,A
771,12.676861721170805,16.498246219639253,1.5112061001538601,G
772,5.515064610162848,18.788972334910735,-2.1725293700900923,A
773,-4.760782630051419,20.08578680390726,7.0182919088072,D
774,11.473640052981748,16.524850919315252,-4.103193857049739,G
775,6.02981197473434,6.594081228118802,-0.9178935959678827,B
776,5.746443498548171,14.396220646181481,3.9079863122507557,B
777,5.805037640788639,9.231403171479476,-9.994586218273783,F
778,5.528251090022105,5.393771644036354,-10.040300507647489,F
779,-2.5654270536550983,17.58101667860984,-10.503177465781983,F
780,2.7856770059923486,0.8864452771178591,-10.845031715892857,F
781,-9.059284849015482,18.965705395888595,-3.841156439489073,E
782,4.969083692017907,9.761006489376706,5.118112624072842,B
783,-0.8978249586350309,13.314124625549633,7.884176515726498,C
784,6.385440177485949,13.778141158550666,0.8179492207347644,B
785,10.08684026082901,18.790024089348897,8.657299729269418,H
786,-7.215741966704629,13.395202546856114,-7.327221601998894,E
787,-5.0784605989507545,12.982423321107644,6.812682894365763,D
788,-8.456640926345973,1.4349967974652458,3.224781024848763,D
789,6.522742788063767,10.874434397008685,12.000692228427958,H
790,6.133868952811689,3.10223055677458,-0.6733058857678641,B
791,-7.065000990740803,15.547609171787155,-7.382626897961088,E
792,-9.57334780057321,10.708425065778627,-0.5585754262271763,E
793,-5.153382700939294,14.366206791114035,-9.087322036324474,E
794,0.805481864283232,0.8609116801697442,-4.81448475376124,A
795,12.03417787342973,1.86016144059276,4.5441036652794935,G
796,8.092768807310422,15.076737713819291,10.7810375104888,H
797,-8.225462208694534,1.5069212815000177,-5.810615688865532,E
798,3.1978883036329138,1.4704214644791243,-10.932634540286635,F
799,8.975654975260014,0.23723258606533246,9.988924057890854,H
800,4.279649963243183,20.107945198907842,-10.568677168438082,F
801,6.027301779561705,15.491533373450032,-0.900102717509392,B
802,-7.572232952023646,7.388589008139912,-6.660818660383512,E
803,-5.5718860085171364,6.218965636524878,-8.773553057787664,E
804,-6.594824855874488,7.347696676148798,5.721939232420999,D
805,7.130186824072237,16.161287450084078,-9.239000268757525,F
806,7.750292654548943,13.911691238218136,11.04323337583144,H
807,8.691333728062487,3.8401208639809865,10.297178855417267,H
808,-8.068113529278177,3.598629421855484,4.02049051662379,D
809,4.994594409526341,1.9819414266258082,-2.8301370913672783,A
810,1.9164295563822022,13.776662488834706,13.865550072474107,H
811,12.657100649598355,15.98405353150084,0.7212842558857995,G
812,5.400509303967283,5.53052394694356,-2.3000868549577467,A
813,9.165795766647403,0.5375071385254975,9.939029654723175,H
814,12.125158427293028,1.699311033210214,4.335285744801134,G
815,-9.536745047287315,20.333948237059044,-1.6942766769519342,E
816,-6.764209897987054,6.224364396351142,-7.829738909574498,E
817,-4.853807010579851,16.160239363911597,6.912391655133215,D
818,2.5725040107478407,13.11406277290324,-4.634563647644603,A
819,-0.16568613225062997,7.960967744530851,7.8430319301096185,C
820,11.783932792677733,4.3919788835206175,-3.533662666671871,G
821,0.23265207597360305,2.6394746135294294,-4.744746469756918,A
822,0.04359181046154506,12.831139394110064,7.905257397152099,C
823,-4.784265419574945,16.21610796384923,6.965515245547345,D
824,-9.194219746509189,13.507998807244894,-3.493619659274761,E
825,9.107452312523552,11.088117908486815,9.844558831078528,H
826,-0.9964873155471945,0.9062739697371548,7.931474336812512,C
827,-1.0088221118413054,20.301850719361727,7.877847103481337,C
828,7.172520551601531,16.881250828136395,-9.151347060861257,F
829,-8.127559123952361,6.20879020043744,3.9150920617068725,D
830,5.853322779516876,20.590005618067476,3.5132136613421414,B
831,-8.092156042949558,12.690862695528752,3.900202117948249,D
832,5.863760900912573,12.286170843570043,-1.4851426874162912,B
833,6.310140118196191,15.681339393617261,0.5629723417123451,B
834,-9.419801280001165,17.00635468766579,0.110428622026396,D
835,-6.299202763375546,13.789957907110038,5.920634624270063,D
836,9.633910218073026,2.7330924799150975,9.273099121460856,H
837,-2.1466468617724144,7.110570645817137,7.854179261635252,C
838,-7.477576269148397,19.410906622737492,-6.986951947147507,E
839,-3.446188575379479,4.676786626523348,-10.0743108588349,F
840,0.5204573446958326,7.81180885740806,-4.782804937304503,A
841,-0.35587593274483825,9.069831261611824,-10.98794867898838,F
842,6.349515354842841,9.326131892422987,0.7254183608304875,B
843,4.867281031592461,12.802431835265086,12.785874187261415,H
844,5.979609069424515,19.829872054730654,-1.0774208966909926,B
845,-6.027088952543273,5.129002603899019,6.163343895274595,D
846,3.9847465455366824,2.665101389590419,-3.7721254533196245,A
847,0.41901286314599123,4.126660415899486,14.148725562027957,H
848,-9.479531197977572,18.64999437703067,-0.17102372528112814,E
849,-6.4167356321243645,13.590515083619257,-8.02674982894306,E
850,3.1308022033093046,6.013816660600027,-4.355646289128214,A
851,8.313455278750974,17.129943458278994,-8.31581519544897,F
852,6.22645770261411,18.110568693107158,2.6454751189385144,B
853,10.867139368930928,17.650188808234855,7.5904379010305565,H
854,6.148683407917103,19.331560680933773,2.3515361608375294,B
855,6.3849558961456765,5.303370318823691,1.4419197170747533,B
856,1.7482730467733152,15.844756758832931,-4.73274425303745,A
857,-8.903277651451521,9.773672552542918,2.427931102764093,D
858,-8.178553857063056,17.648222909751766,-5.7918069808986505,E
859,3.1717045725302055,15.278150420940626,-4.34459236625469,A
860,10.225049278957158,16.404974041604454,-6.283124604201446,G
861,-8.173720946848166,13.737795526060008,3.703935219998375,D
862,-9.34980573531624,3.6984983947170176,-2.189825340748735,E
863,-7.5066010487496,11.438214025664163,4.72740421774949,D
864,-5.011688307655908,20.72010125412115,6.845182748746158,D
865,-8.4332589788848,19.695539521807163,-5.420099091812776,E
866,6.159253215910438,0.8420171843796319,-0.6813057990776189,B
867,6.2943285748783415,3.43450270216182,0.8103347643478009,B
868,12.42819956527362,2.73593652088519,3.469047776176919,G
869,6.686410274370255,15.241717057430053,11.854887807848128,H
870,-3.0396770529793606,17.19478410992734,7.716210288898619,C
871,4.038587969406126,4.504648980318509,6.083795375167332,C
872,-2.3624490302779435,10.534105964285988,-10.581867593480935,F
873,-5.561125113172416,17.70796063761324,6.434887589847864,D
874,1.2020671847251636,15.401460882391094,-4.793075705201869,A
875,6.150645856831665,11.45620791770851,-0.6540126613809814,B
876,5.192128288235859,12.419511415998764,-10.239882882032935,F
877,-0.813056634777491,10.730637633128666,-10.917672995275439,F
878,1.2831220230401394,6.271844743267739,-4.895710907121649,A
879,5.849825538003765,11.932773137849475,3.276792875872345,B
880,5.658064687577942,14.492703874852793,3.94173821730103,B
881,0.5350711432531685,18.334885470754816,-11.059512026176861,F
882,0.9159589315548403,13.475740169586553,-4.841537117511727,A
883,4.713837749149117,16.028004134020314,-3.1309866237549175,A
884,11.642221822615216,3.390191555096253,-3.7364389644700666,G
885,6.396404311301019,9.62889174198867,0.7007972856818494,B
886,-1.4431388714857247,0.13154863549578233,-10.788036050385818,F
887,5.355455209614283,5.194891929061176,4.36724228697292,B
888,4.640557053859179,15.262972077261512,-3.4126165881133934,A
889,5.330053998469908,20.79730285008622,4.635155290162843,B
890,5.6993873552891605,2.089789226312137,-9.946239189496916,F
891,12.528873399958064,8.510811979489233,2.707123684334382,G
892,12.506480971647157,16.836260466409865,-0.46466824740693746,G
893,-4.77367676878641,4.227697901719239,6.932287915984259,D
894,0.1618827828369625,11.651208493990865,-11.051872448414638,F
895,6.204017067406528,15.354248892580543,2.3526745014737243,B
896,2.7247852826796435,12.916309459643331,6.969516466554695,C
897,10.872994021251573,3.9278386436422568,7.4379642654514875,H
898,0.5451821404398101,7.439193663270328,-4.823421981894595,A
899,3.939596461947877,16.39687070559467,-3.8460887516580318,A
900,6.17116434771687,11.632374062696439,2.584626934975142,B
901,1.192230673232266,0.08179150255880199,-4.793275906078557,A
902,6.394365434994366,15.834333526089857,0.9544446675766027,B
903,-7.163198676205133,0.8441870549701036,-7.183428653773705,E
904,-6.438769714948225,15.71484792006671,5.801375735250811,D
905,11.13793903003074,4.233276727223736,6.897161631764492,H
906,12.302621594005593,20.120484034994014,-1.9301146537366531,G
907,-0.6101219754635255,7.668173059977896,7.94169450151827,C
908,4.595994826722411,6.950350086990205,5.549426321875281,C
909,-3.4711992904313216,3.221513491719994,7.604505958878281,D
910,-6.7499352865986815,6.425523211706839,-7.684686978029434,E
911,4.115521894604003,18.46084253060148,5.969989068302018,C
912,-4.08940193110792,20.931785429118893,-9.784532506253438,E
913,-5.588004172112648,7.667663868700019,6.40271427426731,D
914,-8.784280068281191,9.400232081597212,-4.628561537858255,E
915,-7.269917105121618,15.170086100596075,5.0171076824528456,D
916,2.716100679261406,18.587384003829392,6.996247106519146,C
917,6.363762538265226,12.442998354050715,12.091178433096289,H
918,9.482478702436874,8.21746968385896,-7.258887768035962,G
919,5.963179766909103,8.661014732927827,-1.429902741816866,B
920,12.157531805727142,14.610594000957818,4.257957250645918,G
921,-9.310153634674224,0.014553282370022264,1.1270441681270484,D
922,11.030850272903205,12.975525279200257,7.211862618644372,H
923,11.682150909542537,7.401124005983506,-3.775907721432505,G
924,-6.653613640410941,16.72703473430308,5.626730291659807,D
925,1.1076665591813628,1.847521089193759,-4.776327149124095,A
926,4.079520520876299,12.409927123082047,5.870929209332608,C
927,-9.036386223152402,10.16974815747174,-3.7013999630043344,E
928,-3.317577087567214,13.473727014660644,-10.224152533901133,F
929,4.747698521618813,1.2317686297509705,5.426279454886742,C
930,5.926901629356018,12.161594007892392,-1.576203439504593,B
931,12.541663323581137,11.787967139085557,0.217018482596133,G
932,2.021759932236954,11.723332071743144,13.83756774022899,H
933,-9.341947417787475,12.647480078835137,-2.3975271225881025,E
934,6.304008519696132,14.282336441696774,0.31999104101955295,B
935,3.957164044436328,16.938015351411252,6.078818100228293,C
936,0.8438673832843384,5.620006916973596,-4.7684533919132015,A
937,9.537339250802763,17.24615765530153,9.212741589544793,H
938,5.213639902747982,10.447018461652037,-2.570281098573978,A
939,-7.654549824084606,1.6075510228534327,-6.746721892577923,E
940,3.8423623758543615,1.254379473491729,6.156610434846252,C
941,-8.595890939453678,6.9922388569888945,-4.878502395801304,E
942,-1.6168018886131554,16.508411498108913,-10.697206262544926,F
943,12.56600243509848,14.958057331562241,-0.3402680796498466,G
944,6.182028821203226,16.60168930924275,2.396341004579722,B
945,0.484219099052373,10.860245759907258,-4.736341278178542,A
946,5.807130527175417,9.235021433512637,-1.7712305964792303,B
947,10.690509646176661,3.0786694041229694,7.697912893630387,H
948,12.042665339164735,6.95107987141815,4.7818686014935565,G
949,-6.2331620397557,9.083041017353816,-8.284493564756142,E
950,-6.072200421454565,1.862870158721961,-8.500005049732753,E
951,-0.19928666405073447,4.635410902029491,-10.958266384848713,F
952,6.289558563696253,12.537641965697938,0.5109079084166886,B
953,9.582993156905962,15.38030212162878,9.242650282489256,H
954,-6.0957274956334215,20.981446464432825,6.0349038184078685,D
955,-3.702881080315346,19.59232975962194,7.436396014228861,D
956,-9.518393918588753,13.518881213710852,-1.6702363517977952,E
957,2.1419321104531583,8.819529103853554,-4.661679715888824,A
958,6.303625137958959,13.42076572381354,-0.08203456240697228,B
959,7.297062581671961,16.454845290624277,-9.073892661539448,F
960,3.891782679578254,2.5706620235920283,-3.932937269694765,A
961,-5.871386990827094,8.520620858130641,-8.635912521700966,E
962,5.173867013962064,17.657586501575807,4.735918436915186,B
963,-4.202106050438794,8.084263524720255,7.196759139219566,D
964,3.040159870279767,11.969539842373873,6.764180165936639,C
965,-1.796383477165617,12.364376274999213,7.903642570827369,C
966,5.4327359547915615,3.9379772492944345,-10.100041603087375,F
967,2.471925964984605,7.496103332730352,7.034507994768522,C
968,-8.136931709491035,7.049874303955116,-5.9118974243263285,E
969,-8.816445598652958,0.4254673381568568,2.1125377155982923,D
970,-0.29121407992758735,0.4597438015422997,-10.938151920318338,F
971,7.578722136042332,17.54709623543629,11.315599263034393,H
972,6.806623983996174,5.705397907759458,-9.38786218277086,F
973,6.076847570085614,10.820960092794676,3.0181920087014005,B
974,1.4712326645829439,6.263340158915,-4.861022528762758,A
975,4.49055382159108,19.85765946433033,5.670138036524806,C
976,-6.3443009463686995,5.353647823820947,-8.062110724228841,E
977,2.3648853544412356,8.970227571935668,-4.626045728094124,A
978,-9.36134260626752,18.40220684433562,0.32993834940895994,D
979,-6.3686740173436505,17.773490019804868,-8.131476513161674,E
980,-0.03969850289706976,3.9029582135573095,7.887315489013728,C
981,9.918406903410833,16.793556870583586,-6.69117521777844,G
982,4.804223676367476,9.726716796586203,-3.029339465395466,A
983,3.5109579176005354,10.22206843337992,-4.149119924006607,A
984,6.390764171215325,2.837026770122931,-9.672626264496326,F
985,-9.327892447661185,1.6520116714527466,0.3833971688358324,D
986,2.216157228716593,15.284273979407166,-10.977177873142763,F
987,-7.197340593515822,10.417666195409053,5.116142364922025,D
988,5.104571837583089,9.19040732014955,4.750750745999835,B
989,12.257665091476524,15.3922228736069,-1.5652099697029416,G
990,11.6154482867424,16.119741730870174,-3.9395578508724616,G
991,2.924638972994271,3.2832027172071867,-10.899012867453358,F
992,4.089268574728508,12.883552961531445,6.11888383126334,C
993,-6.756679671603722,2.8580923348320537,-7.693066236272421,E
994,-2.158926912195397,15.813230096402906,7.835678986028703,C
995,4.208539047160579,13.86938532457386,-3.627265430522618,A
996,9.438742852430881,20.033328030276937,9.52337760916198,H
997,5.870376345123381,1.4463270645495216,-1.6777665375901876,B
998,6.098659191712271,1.1715764166083797,12.261933927498037,H
999,-7.880148369896914,5.84753559728893,4.385814474315537,D
