,X,Y,Z,color_target
0,-3.208972916128637,4.0748880231481905,7.663205821721545,8.242346437921256
1,6.042415468819019,11.418881312682611,12.475097107097676,13.672660222425014
2,6.6831631207519155,18.245033280216937,-9.663125593677558,11.611269350585523
3,-6.154977776270839,15.430185523213028,-8.302665928796442,10.354612268272524
4,6.243080402298816,16.674209331188756,-0.5553843929243737,6.182830024295767
5,6.071036893038688,13.834788251584781,-0.6085064739893021,6.182602697650123
6,2.8869514800977867,14.57058997215921,-4.502497339218137,5.259814128229412
7,12.236866341917628,17.925535696825488,3.7922975150193197,12.875906829228462
8,-6.013469326031911,5.141638590813651,-8.43614662094492,10.377764494949709
9,4.256577367415831,10.286492952646286,-10.605474808452774,11.385815806222022
10,0.7034775613292489,4.552855815605688,-5.033342084326437,4.906393268557352
11,3.964730034265451,20.76656654349702,13.41967022227975,13.85357397897414
12,12.631217953541455,19.73571150118258,-0.009579106244677185,12.557976035005165
13,6.073066749363036,0.7871529548226018,2.8066476941329825,6.713637950914677
14,6.367281585896403,14.717497083350436,0.9378363482896319,6.426048924035786
15,6.412553735192313,19.49532828991135,1.1192834465211143,6.440935762757043
16,1.8960141417600462,3.8779273593396706,7.3191202229902625,7.579804566564784
17,-9.449303927777043,11.903387784609476,-2.14267307956989,9.65810183200419
18,-6.958314576778909,19.229078048844883,5.225522956107391,8.783374872347022
19,2.7566874424818497,0.5680064088384212,7.008888751871467,7.457158962457011
20,-5.1465550029378475,14.61585794738296,-9.07938067636762,10.47896665779712
21,5.6948610161481215,6.2393086931193915,-1.507300856409608,6.027087643920688
22,2.8725749622410355,19.674399412010136,6.78328262706225,7.4657874252561305
23,-2.504450519088312,20.281026445895307,7.8015437752326555,8.16526800672592
24,-8.410912945391912,19.976013995257354,3.5418521953069466,9.010747316201849
25,11.002653461487993,10.05818442715332,-5.374544324520683,12.112498076647473
26,6.204299783288439,18.130959311224593,1.9369123531837389,6.594270041814265
27,-9.55406797507835,17.911399417655993,-1.3851726447591486,9.558934382213916
28,-6.611156874312546,6.738320485369055,-7.663421250318865,10.295764752634362
29,2.2981987501980528,17.446140876731018,-4.53134231818842,5.150173806456766
30,-5.621600837364346,0.7718482637235905,-8.667356204584387,10.438364310764262
31,6.321533048271228,12.644024336364977,0.10741107358340173,6.319540983092186
32,3.1071822163475025,4.939832506422853,-4.348429819024046,5.325485800265292
33,6.396196843489005,2.469336872573234,11.971935436543383,13.655424479182715
34,4.414073426892117,1.4840925147535156,13.025370922698855,13.813256483918725
35,11.955670008492536,14.60176622970137,-2.963275457529124,12.331354490457125
36,1.9448837028862695,7.057370382689624,7.4311600995783325,7.583306118636765
37,4.492015464969567,15.213749744642456,-3.4497521458523344,5.632926967853811
38,1.7321827671379988,1.4962269702462037,-10.901682270420025,11.161133328686995
39,-7.7803114884544655,6.575366928934138,4.797470585691669,8.860728502759367
40,5.3952393177319395,11.325034801750926,-2.1634425349734547,5.862572246520958
41,-9.279239357044178,16.610988735099074,0.2782603692853449,9.37932140948327
42,1.3676270046195227,6.778645649793997,-4.648351820051383,5.036493156294853
43,9.91845773380016,12.91902997177873,8.83454426466853,13.282531865174745
44,4.683402265779953,18.5448626834834,5.360081001407174,7.1513328476568345
45,-0.22210181163297543,12.954255321056342,-10.847444096284768,10.956514404482682
46,1.5503064711005652,5.012156865468995,7.5255102369813365,7.650196660439877
47,-9.515269205984728,0.4632261679366779,-1.830269374357036,9.613914604482265
48,-8.942692097569463,18.08442108131534,-4.286379997020635,9.865011972065302
49,6.497491725947346,0.5086287724547436,1.0290996942635213,6.4546011787717
50,3.8516115099785635,18.305198887485624,13.490308070284163,13.850508811240884
51,10.174829650193926,10.988713148662415,-6.266405522449909,12.017843730667467
52,7.275278460690303,19.657987129799494,11.49871740363352,13.56695789900502
53,10.903868469692494,16.755995415481387,7.120441842964145,13.145938071388853
54,-6.2343035781159655,20.896141854746265,-8.327249321582979,10.347463523427884
55,9.161999550886694,7.144391518776006,10.037507709532768,13.400848953231693
56,4.140201162138189,16.200660687242376,-3.861603561534013,5.54641116341696
57,6.285458817260722,8.568036689921957,1.7478831947035494,6.559483942801147
58,2.0954731709790395,10.142540225516036,-4.675435600505543,5.138646136134078
59,0.42983412357631223,13.06384616054329,7.7675761368316865,7.778555111732116
60,-4.085008353192294,18.327070244518364,7.243898218661449,8.375586134101695
61,4.0016705883451715,20.665100721662252,6.103753114552599,7.269793354723414
62,12.493262230558836,16.193621130111072,-0.47297626823808436,12.523055991902705
63,-1.448568241415229,8.839936474385818,7.952267175902892,8.074709871237589
64,3.5187039272466474,8.775079667940625,6.382133505720621,7.360134355705868
65,-9.117395594713273,15.497427889008078,-3.8770216621217406,9.827179064330418
66,5.821020387514607,5.060048101595873,-1.3317316634036205,6.040568510065339
67,11.863103484623302,2.4655386079739645,-3.460593607722277,12.2729174047911
68,3.5106262762024296,7.517515964438779,-4.26975039925582,5.415012243898965
69,1.5836729134927168,6.110924493473268,13.941842210239525,14.013579230228453
70,10.149494246368153,6.230853192368728,-6.7262475630862255,11.99062446237126
71,6.2202936401628435,5.0468086865684585,1.963688206421088,6.585240156167225
72,0.435181506789979,0.9249332619595493,-4.5682058623629445,4.764433708148005
73,12.33047748448463,0.289243838384333,-2.1732205353352416,12.397931879143329
74,4.161448477395122,20.88250718146918,-10.651505278809406,11.374362496087695
75,6.548853151233172,9.053026135707013,-9.564271857875175,11.583119670980286
76,9.996321481023003,8.026555188240467,-6.769723768147479,11.981440745625349
77,3.5617653831067657,14.224643639814543,-4.208726567908253,5.4102433821609885
78,-1.8501131845313952,4.612989199680423,7.924579269511642,8.090848878459889
79,5.067193449316878,19.995503342481488,-2.7373871485129335,5.804429138932208
80,12.280224560569476,16.532974529289714,3.5338467965269422,12.846947126441533
81,-4.1047669847334,1.9087619159017382,-9.640302957611114,10.586835429097896
82,0.14624636524283408,8.939192028941134,7.871121376902844,7.831029392278056
83,2.954401326610437,18.568638774028948,-4.359942876019469,5.311412319383265
84,1.502698704581966,19.858436027246118,7.4404566021871466,7.643328312279356
85,0.6391529622352005,9.909562794324012,7.791243974409028,7.777169587032147
86,6.68448411372998,12.778386783072108,-9.621327120920109,11.58876521002645
87,-3.011338258811482,3.5475055729282605,-10.274494903213148,10.721226585137158
88,11.4268383904756,20.99547178384982,6.307718578624944,13.074172083131808
89,-8.70930604508402,4.843301139513074,2.3538873518142562,9.162909799797392
90,5.266261208327321,19.71260386397573,-2.6055378795261106,5.839538193738829
91,4.9052012319724385,13.57737073998043,-10.353861830724053,11.434562731637618
92,9.105266241107914,12.653509388721803,-7.587417579440361,11.882619139472085
93,-8.337267917252014,10.68798254053391,-5.572173010324065,10.002301941920079
94,9.94950084137336,4.80701523621393,-6.61650893011832,11.978583466496955
95,-9.25172110793521,3.566531970197809,0.5686576489943365,9.366302834124772
96,-9.299901868834827,4.631772223868643,-1.9711290525968415,9.639029830114728
97,-6.522458327640856,4.00543122240801,5.473469127940397,8.741868147535245
98,1.2329866627549153,16.280498326887127,-4.769726304681183,4.951958605904442
99,4.905051283424495,7.504558834865509,-2.9587601076198795,5.729241723667144
100,1.481451025876851,1.265775416684083,-4.745993779278902,5.008602076969951
101,-3.0482588100832153,20.454213291519444,-10.360463304687768,10.710415798467745
102,1.39929328761784,18.493720128846725,7.567624166318637,7.675124302668889
103,-9.504100417978465,19.56825046980613,-0.7305801239484394,9.505554821967031
104,10.166397674346033,20.78387088553561,8.543164692063375,13.26600148177651
105,5.158484633655858,3.740824983692884,4.751458141286221,7.061912887458076
106,-5.798004375580882,8.338266330935188,6.4315999287640855,8.580156908887009
107,8.907506977946996,15.978333111784396,-7.6971299522625465,11.833290699159427
108,5.856096390554275,14.498873518567152,3.760217067489535,6.868760887974598
109,3.5963725543980365,3.142307048909296,-4.141207856970465,5.437907537961112
110,2.7598720754219546,17.192218446628313,6.861452215956968,7.443232087907277
111,6.162876378690695,4.618417208147454,-0.2884503464506557,6.231863815303099
112,8.418672089574228,4.746490540484997,10.742705995881204,13.474582924362005
113,11.980012550368569,11.13974910011566,-3.0279297803578737,12.328744123351992
114,-3.394130431140985,12.536556052942434,-10.088311246615445,10.682078745012664
115,12.049653264209953,12.058558033117185,4.604463485870798,12.925711544464967
116,11.89390127815632,1.9764535791208047,-3.4044415664846475,12.286819858429217
117,6.4119299394321025,18.489241208602586,1.2405823632690087,6.470770359513246
118,11.108565865916775,5.507923712519871,7.054378209716738,13.124559358039422
119,-9.166552147870323,2.7780160036473602,-3.4622286926535155,9.79556985530326
120,11.918050887801087,18.689753903581874,-3.0916537867544394,12.322333159415155
121,10.830306621887175,20.014797277205545,7.418703300968437,13.157850514740813
122,1.2715389974549092,18.003824494166842,7.622705694476902,7.709501122747589
123,4.918125406788043,16.803575000055183,-2.9170768748471474,5.749603933213392
124,5.8699731899869825,13.795046598149426,3.7524157203421815,6.860627276794368
125,-6.603545027537613,11.41152450565572,5.526610917840713,8.737785053502376
126,12.392591023630303,1.8362563780837438,-1.668019978410726,12.421996517834927
127,12.356258913495079,8.551172652876447,3.26642667810311,12.824583611619248
128,0.35320872548258797,7.8943731348024135,-4.879613355847922,4.7779112669954475
129,-9.479662188155467,5.424624909017864,-1.0026083465273172,9.52606890124014
130,-6.247034372563747,15.158877608825575,6.088753480650641,8.64639500344394
131,5.930015909329563,10.486577507083016,3.5194169509297732,6.80570577742397
132,5.1650196919382765,1.7354763369690183,-2.4338383610826386,5.842093452690709
133,-0.19972451269796826,4.655462836664316,7.80285616603052,7.894337007050979
134,6.9227247235429745,14.395360795832367,11.926106853570738,13.599103576814981
135,0.7597481284620994,1.4451908369755935,7.749646685392878,7.758504850949947
136,-9.423365523466684,17.95102406302284,-1.5640536153070883,9.601875398445411
137,3.783158463070028,10.45932394669482,-10.69438586752047,11.338186570182996
138,-2.233999952253735,9.990649811001958,7.8632916399439585,8.139517242772392
139,3.5981945016582615,12.41615543048245,13.467507950677849,13.871219336283765
140,4.864167382751115,17.31436955566537,13.050765471041144,13.783241034157205
141,4.790661547265018,7.290543687505881,5.199305877921122,7.085381212991498
142,-9.383047690585942,14.271725200397189,0.3309253284332673,9.398845739744747
143,2.4668807823292602,12.023507922094732,7.166223148370073,7.548100243619322
144,3.1641560312946813,5.71577034632513,6.580588562317747,7.396947394128101
145,1.6561333959119748,18.320007794115178,-4.724065083822297,5.0600402688517505
146,-5.308771760349325,16.808153452776093,-8.885875327690373,10.457397480949487
147,-9.429056841325368,13.960381859780476,-0.26085233526802654,9.450027159853143
148,2.459019478740739,17.900897163048,-4.491212100154479,5.197564780613519
149,3.6660486497826823,18.322276262674446,6.530477503676215,7.338570035368218
150,10.16150866215503,15.076849555585808,8.521810369948788,13.272593284961882
151,5.4999060666767665,17.67965085024781,4.337071218252188,6.970206607783015
152,5.991465143559499,14.671831554619128,-1.2524732460010737,6.077990977498548
153,-9.30346224331766,14.387465054374784,0.9562276725210207,9.325372568286404
154,1.9551285433239989,13.00532772582856,13.821614962925146,14.001925657308611
155,5.491373135645833,15.80943973503896,4.696716038792616,6.993706168614327
156,0.5558859576474723,3.295565787583174,-10.990039511679587,11.047117274225275
157,9.178945220702293,18.65462727906071,-7.434607897809924,11.89048474542444
158,5.5647024619770304,18.22687121605567,4.16746731263052,6.9520700676556215
159,6.33259574566625,0.7674297161935537,-9.81360994071544,11.575666373453695
160,-2.82631897287919,17.392138174234052,7.779448011830571,8.178663343979828
161,-3.311134742978769,2.5663365994621548,-10.330268178511066,10.671731037029033
162,-3.3360328859470796,7.074260868741122,-10.065218552701202,10.68326583585657
163,-9.221354999554242,15.403670731358602,-3.2452264331840968,9.761946414790652
164,4.2163606041818396,3.438508618697576,-3.3433894769334223,5.563350015276412
165,12.601812226533422,17.265830654799206,0.4643408805048181,12.584929531389802
166,0.9840322860311259,17.415582141547375,7.663447390958623,7.735669866984475
167,6.31381610236647,10.66917717857312,1.1929008540908952,6.47028452647677
168,1.9620946459274298,0.32951904942853383,-4.6253872158453015,5.0966856358572805
169,-6.760037838551683,5.977226126246975,-7.598839614545844,10.281423768519385
170,1.2117643728562748,12.849574527184926,-11.203599063500754,11.098282644878601
171,0.8195999591195027,20.75307607882215,-4.987985630156582,4.868725584880961
172,-9.570408291952434,13.464342786403115,-1.1470247231914505,9.538752350106742
173,5.8956649174761235,5.45624476953214,3.7177967266519123,6.847061370677591
174,-2.225065251936054,13.415266068632674,-10.522614006442616,10.792999276323755
175,6.419831662372764,11.473840565586054,0.5678002768971357,6.355753857568992
176,2.5819534208350463,16.302504874920178,-11.051908046254262,11.224323746716657
177,-3.8470733987756383,2.19806283182934,7.0893215665640215,8.35728374884851
178,7.582061259512127,16.10467340385806,11.289724900509109,13.540861133422412
179,5.748296029026366,11.535099580069167,-1.7126262213201595,6.008493343916044
180,-0.5791561127208237,20.279120167056323,7.703971253066803,7.926863608923198
181,5.040033104734508,7.091334051462202,-2.764225213010183,5.781851722503889
182,8.829853194351198,13.483765866982855,10.264385192816276,13.427421014400581
183,11.718925450249417,19.51949312592917,5.218644186259758,12.981117582245417
184,4.553940959451544,2.1191905096871193,5.368959112235269,7.143431548439469
185,-0.7948840294303968,19.716032015414434,-10.926851980266147,10.932592071907024
186,12.366714181219733,14.601016210388558,-1.9148923241282294,12.414526761892569
187,-8.458167048102307,1.5099758388638322,-5.078498256763385,9.945033353348576
188,-9.338219366076652,6.361721455919332,-2.7481575362590362,9.704228078183133
189,5.291766903622357,14.917942714562724,4.602228653268177,6.991793121424851
190,4.306314922798217,1.4187140977085522,-3.5402951683666424,5.589861894488357
191,10.969105318364157,12.28139361515359,7.474836025593954,13.168448281998199
192,10.554530135144391,7.010588188242661,7.7004564536619275,13.19862924101643
193,-3.298414577010808,13.009565127210038,-10.167465114651934,10.679229641824763
194,-0.3268220818588511,0.9847149035544479,7.6785692410947215,7.907669483104732
195,-1.1430075875064825,18.18717152083795,7.932029353964647,8.003611682883745
196,6.1445835924725385,20.481900684506492,-9.654049951629798,11.554360063096295
197,10.959612196576117,20.325987838900907,7.299259832831016,13.167453986765826
198,11.160612771112529,15.918236036432967,6.284635831042869,13.072981561096283
199,10.631450896094957,2.8891130152647575,-5.790658333190974,12.062542837126612
200,-2.5420558822621375,15.876946557597657,-10.34929822771154,10.763394689176105
201,3.739317230872839,0.5012414744781623,-3.9080134027173057,5.505389468089933
202,6.279796103591123,0.45719982554810307,-0.3651948853657737,6.235703722811101
203,10.905649073149162,6.7506486545244035,7.404718714965337,13.18106269297172
204,-5.620968103741372,10.281009496900793,-8.78164491705931,10.427848216634493
205,0.5107508643696673,16.1027275670749,-4.576844043842004,4.799069149765159
206,4.793100218837645,14.236141375242857,-3.240340505198337,5.668735741233735
207,-0.1955513279455759,9.42622795630174,-10.963095776433473,10.965745830805787
208,0.39098727274783496,5.809112950337164,-4.7224698066696575,4.760093284265118
209,6.292690332517654,20.859182927345934,-0.3448189526511126,6.2279691592986
210,-8.852160891664559,9.03934289003169,-4.463166260042932,9.884083104736359
211,2.4856967166209274,9.415969738006652,-10.834967770270676,11.233347590760959
212,-1.5245187484504394,3.461416768828851,-10.730295903977366,10.856979090220245
213,5.760286754462997,16.773034925009764,3.52821144363459,6.826077425465542
214,4.968692306780419,14.563965484940889,-10.487049275089221,11.424520009858842
215,5.4492720233786445,4.681635959778082,4.419152733834427,6.948408951437177
216,0.5934514541100633,1.6783589935439394,7.823942649811303,7.779208884037165
217,8.08298596786425,14.270838685226165,-8.632418151351164,11.747904723244812
218,-1.7276284176700685,13.724149556815805,-10.59552668259826,10.835034809915598
219,12.743302574702549,5.663792232308372,1.8475057835274413,12.716131063379626
220,-0.9921047108910066,19.95045739094704,-10.94874920778277,10.910244474454773
221,-8.03363012518779,3.0173538975125305,-6.119467400565863,10.06857138001647
222,4.248423985317231,9.02991544718043,-3.729763565398578,5.595252867691084
223,-2.7359329448764407,19.787446774182612,7.799553841886878,8.178028776885853
224,4.2579636350031524,8.78865568019903,5.592349509777429,7.211862410455273
225,5.227244594082672,13.384895156358718,4.546678437140722,7.011937193959857
226,3.450471317288412,8.343305937232667,13.228519856059046,13.882797412411527
227,-4.563636545128755,5.806463401130677,7.108307971641986,8.417247752252562
228,11.021161544921819,20.750982314569644,6.880015289243106,13.119729693598194
229,-3.511658311633787,8.531037609931076,-10.101320326427581,10.660730392873962
230,11.257351173385883,18.655763191722908,-4.438115294038579,12.2033090369744
231,-9.37070790807912,4.724842282488499,-0.35206050986453497,9.44963197774769
232,-7.590043036944158,4.426478492407257,-6.682605189857349,10.149579997693438
233,-9.476764590155806,0.6186236087930876,0.6040518847007739,9.354258886377679
234,6.285375748639613,13.608003726273841,1.77513638738961,6.552510788778465
235,5.7070594469360785,7.609441551773995,-10.053792779708589,11.521339754012544
236,3.5299193991832687,18.10591116388496,6.492136464133162,7.3586061539104195
237,1.2566285737002456,9.955550702534099,-4.682035121061297,4.941561564902664
238,-2.3296944509033666,20.39156493279271,-10.522538864597871,10.795822049137778
239,6.3622297586648,3.840293524454712,0.5859033444145924,6.381617808277135
240,7.208762756245369,18.199786744853483,11.519650913172196,13.576002319210406
241,5.831918834579208,16.215864077741845,12.407273091525116,13.70295400906677
242,9.609230483614807,16.186214820487614,9.268387294813813,13.33478272242709
243,-2.864742555261418,17.65560492703556,7.679487779159353,8.20105254053924
244,0.6732935809353652,16.038816591127098,-4.823041657435855,4.858064159194023
245,8.338617217389633,12.972040105066313,10.525868034940181,13.461585309634593
246,-6.71185230427249,2.720179464084893,5.3798366178245995,8.74792950459652
247,4.27510885624115,0.7131605032354644,13.044290402105098,13.822896014578978
248,4.827689398419171,19.356188255761673,12.852507073026208,13.794293303012575
249,12.527113315239754,13.218959971333549,2.191178275078359,12.751813696601353
250,2.6121479093539284,16.762263112956493,6.868571761604575,7.487504408935083
251,-4.0615602521758225,10.01156392207935,7.3845877552840635,8.341849565654464
252,12.37500845119182,2.4539255435013767,2.0374063263421567,12.73416312369937
253,1.0277198077481207,2.451277002906914,7.658755157978668,7.699308509864415
254,6.334295084988718,14.388811056878723,0.17151468741779624,6.309820483862041
255,-8.515780493187062,8.95311818718864,-5.2778337941854625,9.960117247330716
256,7.503847431198786,4.3025582882630875,11.22356198003993,13.535439863764253
257,3.169349347132175,10.26853145411062,-10.762334869891069,11.272315268125766
258,-8.013524787117474,1.3367110869982912,-6.285201502829191,10.085088932533342
259,4.4783978174183,12.157843656061933,-3.3861700181222316,5.628255857180272
260,-4.755477323040057,5.822746628322385,-9.373208653892771,10.508695536292922
261,1.4041911980135329,16.71661683676916,13.991537446126735,14.04342668682222
262,5.817455981421009,6.7008568417429695,-1.6220816184665683,6.032649719841963
263,-9.543793625046717,9.641038306929651,-1.8290774880651972,9.59753086439569
264,11.664002866588945,0.29223801080365197,5.196471584697375,12.981435372063812
265,7.447176215145235,1.5582579584174885,-8.96849743607143,11.693968723024112
266,3.1619802202234584,8.281744414362008,-10.863010868912248,11.281607574426229
267,3.654778505955933,9.885948271125033,-10.811926848232181,11.333145492937664
268,-1.9899905605171342,12.572543171090302,7.815601756892316,8.100513259492251
269,2.7440944656875867,6.2094299500138,6.9878124201961,7.479426923670323
270,12.004328311189925,14.589729890309982,-2.7689352133020497,12.340438160841424
271,11.988030883629948,17.922051356292936,-2.6623998668150857,12.347527848281098
272,12.255301957573426,16.371630321702597,3.961291598913761,12.884353058931657
273,9.761645210400108,1.0024058839410492,9.226488364645046,13.31947841299977
274,-9.586307573210929,10.21533506396788,-1.1346102266110372,9.531677551576202
275,-9.297011631765468,2.197333345845069,-0.08613066270443133,9.43906870151933
276,11.565151665394605,5.178090260818886,-3.8494735845544232,12.236143789299199
277,-1.6972148832331042,20.68326375657327,-10.656051250838942,10.838154710474004
278,3.770555308638813,2.822019242249106,-10.727338472634678,11.328270934353197
279,11.479417077032737,10.384204623665521,-4.284195244322028,12.212558192627887
280,11.371121700795818,13.13755929753132,6.772869306673545,13.100491710913905
281,-0.31818403218284413,14.724365073243252,7.747998832626681,7.897918285525834
282,-3.2610543439599136,11.728283955287694,7.509537574330504,8.252174914866323
283,4.3713302045163855,0.1752039761753688,-3.581715052580105,5.598147895707266
284,-7.634339163131903,7.04610113208113,-6.7119894594464595,10.162550908396039
285,1.6893813777200033,11.034540402615146,-4.726111475131861,5.051136930324163
286,-8.629694856401915,2.067074505386314,2.8024475392197914,9.100546920257402
287,-9.064447013038196,7.347261034352791,-3.875062307613906,9.826694174106409
288,3.1513642399761514,0.7268277334934073,6.642294070303048,7.412976658294607
289,-6.926268465153153,1.4984841853133566,-7.83592181251934,10.280861273085014
290,1.3626617890390054,8.483082242845343,-4.696802611599546,4.9998470638082
291,1.7553553575454197,2.6702528797774736,-4.8910417831775534,5.064387366582941
292,12.41748374504064,11.940035369868983,-1.0978792341095396,12.465216615006371
293,-2.133028312652975,14.369034099119295,7.931593925657817,8.107105799232947
294,5.629500200780349,16.75343399861687,-2.0460838824432384,5.909906099710232
295,-9.510100777889297,4.119428886036042,-2.0512701178536212,9.63441574790956
296,9.996201137918643,3.4563467013728832,-6.743400426888427,11.969407249562984
297,6.07807361673753,2.142012376707507,2.871505672114457,6.746454243807539
298,-4.308138252821372,13.310208360923863,-9.747430165747042,10.582993408856755
299,4.151819865212327,14.919323647402955,-3.7768308923957643,5.5167698874654905
300,2.3142789195067377,0.5528227620322308,-4.465168151429346,5.199477727029212
301,-9.207033594039382,19.68251131381887,-2.9415378040712596,9.720288401340904
302,-8.997186594508312,1.2131928719114766,-3.701546352611697,9.807754959353494
303,-2.983726012449001,11.31590340487114,-10.330748733201265,10.720024267560383
304,6.278071698601511,14.818479019394484,-9.929758108573058,11.555638579959675
305,3.1134016192904355,18.267299136149774,13.610030482876372,13.909578151874154
306,-9.436726461882214,15.113798095617055,-1.5381208364066412,9.578405124191349
307,0.7833750741590413,16.855700507560964,7.699579529276943,7.756182028849157
308,11.41294113100663,7.075332613938167,-4.339961732204578,12.206842303548834
309,4.1173172906309805,17.15971505379556,5.961587541920709,7.264922813145041
310,-7.346294632343392,1.5721825590945357,4.813357018739615,8.849597151658791
311,3.49896570666111,18.859285728315374,-4.049640920322993,5.4518229541409955
312,1.302204223598596,11.540300629998638,-4.8478474888906895,4.951314108215813
313,4.586926535224666,17.13247232209848,12.866910788829784,13.78513654301078
314,12.690653207360489,9.41482539503958,0.3460150733783112,12.591315995829456
315,3.1866915438948547,13.426463506898678,-10.679161070452265,11.27179133924054
316,-5.7106556458199,11.107937613292968,6.495542351988761,8.566679677892045
317,6.29219242767807,15.486278007110876,0.4957297852961031,6.345649468914911
318,6.0474713343771676,1.6504988479395017,-0.73457734175215,6.18677337239908
319,4.966910872582157,1.3132324341569883,5.027071080656827,7.070872731845424
320,-8.874211552656321,4.980465212352868,-4.534788361175065,9.888728345373806
321,5.074894236918497,3.2919765093112354,-10.446785397767055,11.447296883503896
322,-0.5352565745717219,18.304349005149145,-10.988221198961643,10.934602666231724
323,3.684809336702718,4.512525392820747,6.55845332011573,7.350703802793098
324,5.602241307940795,20.399519734722798,12.584790364831697,13.71178223308303
325,7.236211101532134,7.008033671546355,-9.110832560737299,11.666903578178648
326,-8.829794151581572,3.8536955022953223,-5.024029465419068,9.93705283695733
327,-5.267225308533471,16.564935748151427,-9.123551637497219,10.47772118763961
328,-6.199097000340311,13.6090401621859,5.986930182226143,8.66702640109158
329,5.250096322970961,10.250040030252412,4.892980580512723,7.047198550434789
330,-1.8317408025722492,11.60194805190454,7.700027165834495,8.06735243677314
331,8.919856507366973,15.149006002322896,-7.829499847622732,11.854920299944071
332,0.6530077529463703,4.52279908368475,-4.809912738110212,4.848044414800998
333,5.186670959270769,20.87303921957642,-2.611320345324458,5.806347844482581
334,2.0808976239531938,20.418031619430703,-4.889431754538264,5.1459536670484685
335,1.9509628708876565,13.795673191106518,-4.74158687035874,5.096248898849052
336,12.450740950342391,4.151889288340762,2.659173230662938,12.774915038878532
337,3.873896156074527,14.32309198953121,-10.576782832724419,11.344208065391697
338,-8.856101963386275,1.530292302571439,2.2820840732318595,9.181372034340539
339,4.490463198791213,0.43064589834120726,-3.3459435107454687,5.634454221498619
340,-9.360236098725167,5.488161380398661,0.6577257153085809,9.345759445350163
341,-8.900443887242389,9.736621742071272,2.079272096315658,9.174755290683816
342,6.32391063277907,18.28454947754345,0.3512405827935573,6.344778146676646
343,-7.1826249076143895,15.6631742357361,5.238618634884908,8.801344442366185
344,-4.906329135503398,15.388425651249744,7.0597321948949485,8.46820761839531
345,-4.68656191047093,9.107829688385694,-9.262318191635051,10.516639411644881
346,-3.080526834321323,7.235890091546186,-10.18491745007584,10.69800562410662
347,2.098788314737125,7.820546913116957,-4.639995024483258,5.139369213218735
348,-3.056949899536849,20.73608961392709,7.571420802783773,8.243029694542448
349,-4.014444880545972,0.7998693863223277,-9.8488602660004,10.610979720537205
350,-9.332894176904142,18.150678125747543,-0.11250874604135935,9.454336501514263
351,12.518315288416051,12.185134453577563,2.673824849441024,12.784615559239256
352,-0.8305638911272317,9.059206433314232,-10.728134995206124,10.920430202566068
353,6.288916481848567,15.305468785470044,-0.25193454745814503,6.248009777792333
354,3.161538886251663,10.178428329430234,-4.0987745135819145,5.377483755603362
355,-2.551868981433982,18.228881065810835,-10.627800487362729,10.767048035196945
356,1.1076306687604198,18.869737858436846,-4.749565254918394,4.96225219568848
357,-7.053209568066944,8.98185438602882,-7.474261020903754,10.233193768727698
358,7.421597463961442,5.759850233234461,11.335009825628992,13.5738502378155
359,-7.454929072714364,12.47520226228157,-6.595399794211,10.13610532902115
360,-4.072379436518434,19.086534630378964,7.378470301033835,8.370804345929393
361,-2.3049318653417816,4.49969815411136,-10.599228738158903,10.775237603982777
362,-8.52133545270865,13.150849028712157,3.3125601642683185,9.031320723148
363,-9.012152980523606,13.447625505272573,-4.116679737570336,9.854706071355263
364,7.041642847863703,15.377817076170977,11.561261867644342,13.585485760981642
365,-4.046404428398571,2.8297868681482465,7.394433637126521,8.351320611724349
366,4.908783992773921,15.042131012277753,12.955357801806572,13.77139662241181
367,10.26225942196036,19.219270112164764,8.309586370975788,13.245117757460608
368,6.114247976319215,3.7014620475142084,1.963058825832016,6.557676952460878
369,3.3381310689999077,5.0629103546891585,-4.237351423949366,5.366103840203243
370,4.497821447228345,20.379827245262764,-3.329121922190836,5.662199266697047
371,0.8585910838170225,3.7940971891884354,-4.973434292740828,4.884125641190398
372,4.561313707618191,17.951262209206,-3.552089867344917,5.602492915466971
373,1.6183381384952011,10.363059025051397,-11.05126106193927,11.149576165535375
374,3.09389450402224,5.180229658154522,-4.120402317821213,5.383326185449615
375,1.012690292299548,18.30721924503979,7.69435135748867,7.718663470799853
376,12.710327189629437,9.509222160812193,1.258155656636169,12.675151190807782
377,1.2688712907035238,10.909709401085015,-4.796346266256925,4.931721807412143
378,12.07032145957695,7.630816216644769,-2.123911837608034,12.38857358483017
379,3.4862037985403047,12.406413927531089,6.671204864695941,7.368807649806646
380,5.181359946335984,3.3450772414626453,-2.4826701540765344,5.826066243491388
381,3.14333673032186,8.30824232551075,-10.752957397925899,11.278982060957667
382,-3.4393126647170216,20.445263448294018,-9.96858999085867,10.640035661299292
383,11.72485376165297,5.568069154298776,5.285036423485338,12.982367874666387
384,7.020658889800277,13.731071892770213,-9.178913370846422,11.640270353627296
385,11.848751212985269,6.806036483182558,-3.5442745247593335,12.285018344974288
386,3.534849529087312,16.07898722316607,6.490772157044908,7.370502204129751
387,6.361634657344766,2.7090997644792587,0.5698828744433053,6.384717281968794
388,8.413456560578643,20.465898997707384,-8.248158226103477,11.786766348677833
389,11.895349898002058,9.482930831133604,-2.9210974187081122,12.316627249013909
390,1.2823193324545037,5.021107709795825,13.931773827518596,14.04768001274138
391,-5.879834500857519,1.5243813833304845,6.070559005077161,8.601218967963362
392,-2.8683500749327004,3.5973217096605117,7.6371327226838925,8.218576836372124
393,10.303014847897652,10.800483780694805,-6.057116100915735,12.029908741241561
394,-0.5197459277524391,7.085587650020402,7.958517700452233,7.924386675513512
395,8.185601280840897,17.107437086444726,10.756438340008826,13.484570109557817
396,12.559362340193042,9.029948381081727,2.970057891985176,12.802738565198101
397,-6.872202043473154,5.059952399968714,5.303793145999789,8.755562434890459
398,8.227062777509598,13.080644170339314,-8.215963878612877,11.789182071485365
399,8.837068755795867,14.920062289870813,-8.078588726630962,11.823788030513589
400,4.604491250877454,3.554547164116555,-2.9859207048778327,5.684308546618859
401,10.438793677650416,3.6721041647706087,8.081871611306806,13.21874972368661
402,-9.522240580546946,0.6752083135219187,-0.5268733429379486,9.474280404857694
403,12.612769943642915,15.639178636170007,-0.8707171866005199,12.501567092470241
404,0.7515215867768363,14.033114236483945,7.658999200901877,7.728785406531032
405,11.270985678079814,9.943592862024197,7.251192205401948,13.15249656767272
406,-4.106035938265831,17.841141443071432,7.3570495431518355,8.380528384412875
407,0.5132373071896938,16.808443860709954,-4.770796449989365,4.814531439202705
408,10.301752696222536,12.209990236179028,8.245594423890235,13.245413077818787
409,4.2531157437603975,18.172837918454462,-3.4453174891546334,5.572745639870519
410,1.0694532869551556,4.269767639965732,7.659470071235967,7.721849114519933
411,6.261875492176231,2.2446562430762604,12.257456874848154,13.666512068810322
412,6.192553093460355,5.787050148566315,12.156024009017214,13.671650268191627
413,-7.779899520602291,1.1729385378386288,-6.420130281794086,10.116913750239174
414,-3.458836612147526,11.18981058485736,-10.066619880165053,10.66731441243658
415,-7.919427964316289,19.611684401552825,3.9854521825929163,8.938888452531678
416,2.7405749428174686,0.6441540239838508,7.14919991687118,7.47583539934479
417,0.4569230974491992,2.591313930049705,7.93148416310541,7.809979344073361
418,0.6685143585354953,9.304954096410162,-11.073643271967807,11.050726103430213
419,8.236869450174277,19.604511963477453,-8.267599011775188,11.80335186367317
420,11.30798225617483,6.50244670062848,-4.632876073911283,12.172845705898968
421,11.15675352488019,10.850658582379321,-4.858524119170268,12.154364650018449
422,4.219353048318591,0.9641663122757063,-3.6015060157591887,5.571986250285647
423,-9.39808631805953,3.125782599331014,0.5117896434133636,9.372190571502461
424,2.8252905901627114,20.845603249901252,-4.449811256317794,5.254867513238772
425,-8.738559198073082,20.182861027410382,-4.306773789756459,9.89157667931566
426,-7.6374179838018375,0.15808753748961124,4.703020099261214,8.873715918735947
427,11.43959030918374,20.00802853725989,6.307563413136858,13.078803797727907
428,-1.4199819237494462,13.447920702258875,8.046092287239523,8.019685056788632
429,5.053807724152339,18.35351953493114,-2.456649076610107,5.815719616744616
430,5.847149046131876,9.622786178589022,-1.0257905807350687,6.060053833969599
431,9.354191453324322,10.856388966446758,-7.559782904858901,11.88945759908709
432,-4.551466666227821,10.100289441772494,-9.434943115804668,10.538956958477316
433,4.66973016860691,13.908144778940244,-3.4895937068868284,5.665447749640784
434,3.993460015727569,2.920405456522998,-3.8088822750854243,5.505076953008021
435,3.64751775439973,0.6387826247539021,-10.787306367223009,11.318867401740258
436,3.35436417834572,6.353508400947616,-3.9854478620718616,5.398164159125263
437,12.42866516856393,15.039463685027423,-1.421985073069429,12.458237554021053
438,4.222772023045457,4.390561900107273,-10.755799479369447,11.368565157853919
439,3.8765878303374537,14.202292931862512,-3.993206074167842,5.47908317531393
440,4.071307195952771,20.375356654381054,-4.039445917378507,5.51196559833686
441,1.830454201982678,1.950694134587671,13.97542622672993,14.011247935065358
442,-3.06570098418098,14.029452636725429,7.427572731979769,8.23980812758659
443,-2.719209872126572,9.32650265724788,7.706381996462846,8.205608919392967
444,12.139218267381576,18.256762595941886,-2.5873321063071946,12.372844428396089
445,6.417278667095816,3.5959695208469413,11.956648829394728,13.639996495882228
446,1.8261432224297744,14.578562638473946,14.04784773844412,14.005230075997645
447,8.540095946690125,17.58489517772784,-8.0467200293604,11.812811096937594
448,-3.3182810680158594,19.64611785316675,7.505502849610879,8.258552029624687
449,3.880315884634581,14.262170093004611,-3.885619055534371,5.4993646948347505
450,10.308987274897474,10.39930949083481,-6.0784841119922115,12.03682610589749
451,-8.532588197885609,13.163560809959511,-5.170461254137755,9.975225046494666
452,-6.77128640045852,18.30265998650646,5.568802218729573,8.710587223608895
453,10.258979169665494,11.849256522505435,8.477947814079728,13.25457781367224
454,4.991116683675743,0.6867318825753378,-3.1465775797269,5.7604005609167475
455,-9.414390624690125,19.395192206752697,0.5867426268801681,9.355271206226895
456,0.5806430968852841,14.588330877051492,-4.8406567606866036,4.819394561363065
457,-8.640310082249268,14.159668636140388,2.720817537374985,9.12941147013096
458,2.492694135279224,4.519814581478143,-4.519751610907481,5.243034852149993
459,5.1728868912532056,13.96917453964002,-2.6824322001111147,5.832221458972556
460,5.130021651338999,8.142436161878903,-2.6986482725491587,5.820047760821491
461,-1.8679125512856063,13.536180699360035,-10.664928943405311,10.831051927672595
462,8.07175506877918,2.180093703833205,-8.615656529824243,11.743696316230304
463,-7.2368921194722855,13.918589281765689,-7.28024390680088,10.210510060673649
464,4.7831449079548065,20.835753633636315,12.866022913521999,13.780651609704861
465,-3.3464932942367422,0.7292372562606195,7.691272575513031,8.24546095642054
466,3.2766594610803037,20.475541982806764,6.619984521508459,7.40516195429941
467,12.068881237478411,8.600241255171374,4.199875230218804,12.898742900488212
468,5.867414889108931,18.405848632056326,3.703030852154239,6.819730111382576
469,4.712665407005818,16.383779029015205,12.828007745286303,13.790547541420878
470,0.6877991258228203,11.866198820008425,-4.98049046346478,4.826942205566
471,3.749250477424779,15.622823467703432,13.377155225242817,13.85328157095571
472,1.7234313873373577,18.261852617358763,-4.76931519539444,5.119161567325226
473,11.23120055343348,8.44809467715339,6.763522009245605,13.111214958257671
474,-9.177575142183626,6.886738781820518,-2.578238287846564,9.685854763174808
475,1.0561829533512164,14.064382968963782,14.013962566298662,14.070861706669733
476,3.4862534612499236,16.91378411144734,-3.991919453887633,5.407905217283368
477,-8.729343660757241,16.011431931479514,-4.747406093542869,9.932342633487954
478,4.03146890918401,16.505253890690025,13.35854226229821,13.84785015540545
479,-9.512247995430512,9.08142476983821,-2.224171789974049,9.642470013445484
480,-3.614706987055336,17.2198694109309,-10.109565648495373,10.644331393620174
481,3.1009363426957384,2.4261607593573093,-11.132893728228415,11.269665890561098
482,-8.077180896458986,11.4401694793368,3.6566141789493134,8.996337589872645
483,-3.552939219851492,0.16561912054082276,-9.817567560965161,10.626984542663717
484,-7.119862767332526,6.7820475078199,-7.241027963974591,10.21942162955965
485,10.547311351665488,7.712738609399012,7.856043102213313,13.205603136830945
486,2.1326112488083684,8.223353267265903,-4.6785495793010865,5.140711024223605
487,3.3102972335553,14.5841502125175,6.4130061715492666,7.360404657441011
488,6.089208900842299,8.220741743636182,12.22433836172778,13.669806189171558
489,11.220695119260803,9.438263371169988,6.774538821666086,13.10292747007095
490,-8.284068495997587,4.929773621404483,3.49397897824686,9.006852701715218
491,-4.4677759159337915,7.86070926464522,-9.527905250975397,10.557001020899273
492,3.604771562711526,4.8441231515898435,6.424567091792591,7.326645040477407
493,6.465361250032335,1.3321202712795686,1.2609425652869035,6.485389140503571
494,-8.556199115900096,12.788327867504526,3.1172843752525226,9.082643487706948
495,-1.509380179391458,13.998843295787236,8.18139468267065,8.042655271473388
496,-7.232622302253246,13.051846259525927,-7.2542063650126245,10.213218240025137
497,3.657303500205261,9.853099612176543,-4.008589290322079,5.445020673640688
498,3.4034461500563764,7.83833401404078,13.419372336751707,13.895843688764895
499,1.728552918612161,18.059062540765574,13.907208493012357,14.007206269630013
500,3.2371496429091886,10.871862618273008,-10.75253421191581,11.292408115730957
501,-9.235699100151146,9.984444078111906,-3.238853271622469,9.764978198753305
502,1.562895766286498,0.7119770395188303,7.336418958098866,7.6296180366095525
503,12.090957971063244,7.0805271707666035,-2.2466155377593995,12.382226346702623
504,1.8442336667518158,7.928553316554312,-10.858170538790116,11.165828244522267
505,6.327908189902483,8.395717301995207,-0.19343701524171056,6.245017526370192
506,9.92376415531036,12.063404801166369,8.97693668705529,13.297675432667958
507,12.419510049237894,11.16608541008882,-1.2897983400344093,12.464619859398981
508,6.311382945278946,12.797752274787355,12.238021093006052,13.664042270319081
509,6.088890694883606,16.02926245194644,-9.780729485600716,11.552134208743695
510,-5.009231390235373,17.06336182714797,-9.29468026459202,10.493690999841352
511,-6.2200295033004105,15.027651389511545,6.059733013184874,8.654236731061783
512,8.025632766556315,19.91455058413555,10.779683954150139,13.503147833681442
513,12.20883759231672,0.4150435573375181,3.845632543171376,12.874848838766347
514,1.8803589315628995,4.286831006519193,-4.660004117260751,5.138564905816804
515,1.206718837963325,0.16066053761932833,-4.778777413154359,4.960891860518559
516,-3.1238226689836766,13.619495408971417,7.468435661505688,8.26047262357397
517,12.16071492838338,18.92791380346141,-2.526136382191365,12.351674148365522
518,1.7734572529884927,4.986195178447615,13.973779558584996,14.01724728514588
519,6.181898019190821,19.6379769065354,-1.005625190511773,6.13003478058467
520,-6.504315017226204,1.285848075723058,-8.148416895881189,10.311939052251638
521,-3.5781204050802202,19.78634225282471,7.467621419420466,8.30220073141931
522,3.814002482653813,7.310773132479924,13.255823816289766,13.853616820740665
523,12.57422764004267,2.311643589689329,1.0574973725342178,12.64917284750096
524,12.661051395906119,10.280822492316318,0.5573136004812369,12.613450880426562
525,-8.614785918326573,5.447611930715903,2.4541514092549725,9.129717943183687
526,-6.00354272991574,6.005733386635694,6.163027368742535,8.62197068371404
527,3.856446237733897,6.428236401644573,6.12661758547448,7.289189926235698
528,2.656925165452599,16.98359702033332,-4.457428258405205,5.243715518747775
529,12.363580413339058,11.336422797165149,3.6800074359057082,12.862205374297442
530,12.000692767332621,6.340754711917362,-2.20025690227173,12.373800495521033
531,-0.19200810470623975,12.705290803358585,13.943291981885016,14.134506074563456
532,0.3919734302720318,15.02057958346779,14.229501310378458,14.105469877329735
533,-8.742406958868132,5.756103913720765,-4.985977861326296,9.947209478060879
534,9.776402648579877,8.678872283142391,-6.730610264222058,11.959924623086977
535,6.757781257170488,2.681505039055265,11.820860110889482,13.616596209470796
536,12.524739734192952,3.609026153824424,2.0620589974689882,12.720126982466367
537,5.248730585708234,14.317833726915154,4.815809272636429,7.043589918332121
538,-7.970309369084492,3.62840737906945,3.916298841018191,8.958667417209156
539,5.593088865274618,11.104402286556681,-1.9106958632969657,5.929687789730362
540,5.8131394164003,14.880525624726886,12.427683739743298,13.704108075542083
541,-5.740878508188071,2.2863763821920324,-8.754343417222694,10.425450315534778
542,5.832627010527658,11.827168316147999,3.910502820123949,6.867296654582205
543,0.5161575325924941,5.515764950894415,-11.133787832332377,11.043018787006718
544,-4.587363350623905,20.32563684639506,-9.39498554524845,10.538110397981422
545,-1.9826415340851944,10.212813011419607,7.808557628069507,8.087993071669862
546,4.917870489815273,16.912891820591973,-2.7883104071996017,5.78264407262579
547,0.5922131589741481,11.61274311381101,-11.022785474058526,11.041817233251171
548,-9.402938489097922,0.8409739331524675,-1.9792988780225707,9.616173532681346
549,9.972475962727183,13.38173445337654,-6.599705856542027,11.991318337511595
550,-9.52868852647419,20.14441827577219,-1.681080770500392,9.614814481661643
551,12.656007758103744,12.740909279070873,2.3405749400824334,12.744010403162251
552,-8.870060138525533,17.130005800981852,-4.665135382280406,9.913988390864361
553,-8.23056308266865,18.60447746204387,-5.407898986881302,9.999104811870081
554,11.818121498882753,4.660361056551717,5.1219662687595715,12.974654533948138
555,-5.164618290092585,4.510180669190327,6.856565496248885,8.51512540541135
556,5.661881013301683,12.87566110715708,-1.8299908756358148,5.975452751893762
557,1.3957178231990823,8.444616231987583,-4.778229067360981,4.983659313754606
558,8.70526472123391,17.520908975809892,-7.835399546501226,11.829389945013286
559,-4.484050035662483,18.872171701683857,-9.644581494433362,10.558668768835565
560,3.9231711100453457,7.391762990642998,-10.494102717806719,11.348184461389867
561,5.98971055759518,4.853334044922242,2.68681828151152,6.719528916207602
562,5.828919753352224,16.429933693056316,-1.5263466540661397,5.997659857972477
563,0.6113650883470837,5.796074107404909,-4.841244914511562,4.849469224818102
564,-1.3207591555782134,17.255473775589394,7.886565436980892,8.016598877945043
565,-6.89855957935965,8.822924176608185,-7.889043767249349,10.272232194120287
566,-4.68898095598134,14.123418597762535,7.100528314370155,8.409202011883677
567,-7.3643862955089325,2.1717823018368616,4.806492469697876,8.835492983863235
568,10.634670204610057,13.05268966982338,8.131471928915435,13.233883917287384
569,-1.042182493772598,9.42590456176633,7.901955814984136,7.994619430703338
570,-9.475606616476252,12.367898493226155,-1.160593706931068,9.556625789885187
571,10.769735977781108,3.492495424667433,-5.439179795123175,12.098144623757939
572,-4.739035692353832,15.4604089237615,7.024904773490697,8.449716655708366
573,-4.259034407946912,18.19270394358027,-9.765175099321802,10.575418002380099
574,12.244287041324021,4.360600193155559,3.381336526796817,12.839975456748357
575,6.36851416504443,2.141835898408663,12.324132415098498,13.66141002752923
576,6.066377801051958,0.5036783594059985,-1.1932927933249857,6.098523882058322
577,8.649872354851267,13.440252194852368,10.518993316369231,13.445271608728381
578,-9.2808289487571,12.740051342442252,0.6698155838862639,9.350475773536246
579,4.647656198206002,11.476888602497523,5.430414021437618,7.146284999717082
580,-8.31017625813179,4.697768888090991,3.503099406519413,9.039641536780238
581,2.66875251171754,8.358519736761131,13.829894704849172,13.948978396771311
582,-9.367976973585279,12.488135602136696,0.6392618466348873,9.355205135724905
583,0.27981880586925456,10.476404249087294,7.764694490178986,7.810799911589841
584,-3.2842840826703523,20.838650901570038,-10.16692518903339,10.682051392481464
585,5.523669972128887,2.763118557935366,4.487651872911567,6.975708115620729
586,3.4343563744639307,14.645382824902992,-4.009068319865577,5.427384003173842
587,5.408387806180253,8.463930021100257,-2.0660615284500294,5.9270517430382625
588,5.547859936811816,9.076868990959559,-2.0453924358064235,5.919192581362129
589,6.089742585418281,14.856830336786551,-0.6883333730022982,6.144038138380867
590,5.832077107084878,14.531249747787635,-1.5235503256047027,6.020804257526776
591,-2.563689082844543,20.75609380216756,-10.40520789061797,10.752491150819727
592,6.338300291560658,2.7395063736000456,0.7664160158449091,6.426568391332625
593,-0.7754253577397608,2.233307055804313,7.653363776880178,7.9702263740144605
594,10.71944879364003,15.140352570221362,7.450827675568775,13.164420621540286
595,-8.987197133808696,12.074907870716986,2.22064556446489,9.179372201784314
596,0.08208649698832479,5.746307460900191,-11.055062662141806,11.003972441938714
597,6.163154836997206,1.578142526037198,0.3618014441820236,6.336465504688428
598,6.317764494162602,1.883021611070254,1.5543004743013398,6.524670286950618
599,2.0814239199852134,18.74108764790174,-4.611298579954204,5.097566614260141
600,6.305212338199423,3.7385149971614373,0.14338693752623058,6.304564439628411
601,3.643316125520685,6.7533205987637555,6.3081491514930805,7.338041067776363
602,6.224360232859876,4.655930064682352,0.7200720587217999,6.3806734914212875
603,4.055094672913313,7.291794840924589,-3.7415472954036417,5.548390665602589
604,5.26996575824843,1.3341580338457035,-2.40611756039497,5.8493552796118475
605,-8.475254577583458,10.911196456256976,3.2237892541224573,9.05512655812999
606,6.325381674745394,1.552727918261336,2.366201977914164,6.657038462179198
607,-2.2857203780583806,16.83880511165609,7.81017539805102,8.145551538563115
608,-9.563226371677295,4.847303381297519,-0.30324577704392525,9.456984979808215
609,2.5127707672405237,11.385840626211793,-10.89184645011071,11.219206945479884
610,1.8902842628459464,18.435751807768725,-4.7648539103617535,5.082897169549763
611,11.740066227706603,13.598964713074762,-4.032723766871511,12.246654489632492
612,-3.6400019757983295,11.076677250754743,-9.971829674935044,10.630210732817108
613,3.717571634118065,6.635825934747715,-3.8547454201195506,5.482949702790258
614,11.944447735446934,6.954047803566212,4.763696220530099,12.94567354386548
615,8.960717843167732,14.075031408154006,9.81231947292164,13.391406885597714
616,2.8552825961497157,20.86726421864303,-4.337181467791297,5.2880351903135665
617,3.761246716933757,13.857026294042216,6.238467954244974,7.321899336472114
618,12.009085491156172,11.618877158700846,-3.26808681983132,12.310657034122402
619,8.173654226492918,15.404485334192664,-8.47019089478395,11.764570419244711
620,6.328349740847056,9.637604665963423,1.0320748171124197,6.451458616913374
621,6.166954500830884,1.340591986000837,2.5208154279723365,6.6854598690705
622,-2.896840071925316,11.708011431543433,7.689012436450446,8.204006289852794
623,-8.971416457049655,20.034887450877683,1.3978467099810754,9.278910532699216
624,-4.804424850107691,3.534683270449285,-9.46207781322267,10.53930292524393
625,-2.676523518670849,14.439962492545416,7.763868177386724,8.1893181200291
626,-8.309634065543555,4.317138707687984,3.318417675202717,9.071675979087104
627,8.113727691873024,11.303944182779103,-8.5436191191168,11.75713660442333
628,1.6951148374466043,2.1280476537839155,-4.730985904765509,5.058120022518429
629,4.862255972882761,9.51000391601528,5.077400843727973,7.091551129922183
630,4.8525662869935475,15.76906292394713,-10.431085424275684,11.435550435753383
631,11.113651659194282,7.265923086585868,7.182303891643503,13.149514654549057
632,-9.698333849135365,13.885126301319833,-1.0951369043963342,9.53483525985927
633,-9.131948810764323,16.837506666988215,-2.8634396682743573,9.727440428941419
634,4.703787192550158,19.351055344425877,-2.8082939582322615,5.722461390871137
635,-7.881378836569374,5.016853487903435,4.174948995339362,8.92915119459805
636,-9.318871086535667,8.474929619006348,-2.9865404512793123,9.732188454795223
637,5.345304925359159,3.3836983001103746,4.578459367853513,6.997619639177941
638,3.9579258741698347,20.801184886062927,6.006652671134773,7.249946649522755
639,-3.281589895138739,19.538252542368216,7.595302854616192,8.268208445760457
640,1.124121479660101,11.567264919545636,-4.685708566842598,4.901555562846449
641,0.6839484706524835,17.62093501421148,7.461731570731323,7.74791360179602
642,6.135821305765614,10.78661349795965,2.5080094640742345,6.705239496574333
643,0.3625514011990032,12.907298444667179,7.737596796157155,7.7989788074014275
644,5.322203715687439,1.9428842773224821,-2.389140521333444,5.841120480889526
645,11.249001001966326,15.67236380962711,6.57060737538138,13.105410869365937
646,-6.614578274662493,2.6447512510461393,-8.258360869557597,10.30686605431991
647,1.3482611880772573,17.391151554006992,-10.979421024360708,11.112777550965049
648,11.293263123743673,16.441107394761094,-4.887991855445618,12.150152677284206
649,-9.428172213302691,14.926183139020923,0.029132559533194005,9.410096031568695
650,4.113373604584573,0.7815969766000899,-3.875540753250638,5.531593395894766
651,-9.312159854169314,6.49358205618324,-3.446065969192066,9.774498878301197
652,-7.095334893951215,5.43013233005382,-7.467463065365498,10.243236215981133
653,7.9829467374355465,7.495165043056048,-8.711619312421611,11.737990507764678
654,-6.873013150688688,1.763231737513527,5.3219780822103155,8.780684358245884
655,5.553552901266394,19.75913346483858,-2.4154127448167984,5.914805006400603
656,3.2948002196513593,11.719886913799408,6.510034292275399,7.386913883153875
657,-2.2509968856589695,6.461133055750345,7.704115684628005,8.134359005428081
658,-2.2236419319606275,8.454961225248944,-10.619793274419912,10.800015560967722
659,-7.868086632301868,9.27344926386391,-6.297495504388704,10.09184776671356
660,-1.6295381419627488,12.779203411728076,7.963330618588559,8.068521554528846
661,1.73055316149387,10.981591843797679,13.711148840445755,14.010076155171687
662,-5.704984955231785,19.380793637227338,-8.74751990572459,10.42168214704853
663,5.494184168851222,10.614413031899542,4.343357056206263,6.948198818842118
664,4.600156811558689,20.66965599052179,-3.070506555529692,5.671666185130084
665,6.094413009069022,17.827479299020744,-0.8466329886476247,6.153052426471361
666,5.367017700347022,4.305190455435857,4.810794351028374,7.030485958143903
667,6.192168207274526,19.614647439897976,-0.5314527961651627,6.2267752457875085
668,6.321428978976259,2.338680281634783,0.9673308429950713,6.470741756869767
669,3.1845473417697288,17.24219339324877,6.732212778212179,7.399347643012288
670,6.4081409850333015,8.130142777407853,0.40034093473284504,6.346396620298044
671,10.862843128849244,18.506981019354857,7.527362419081151,13.164203990383816
672,3.6873323446808617,18.25756559462261,-4.115502737173949,5.468574218206511
673,-9.267152291258528,16.825646068379967,-2.158849224976366,9.655792364978948
674,-5.556317500693194,16.505954065835756,6.601784076032061,8.580287950566536
675,2.2495913828955603,6.523223811588523,13.820828594990733,13.971089318156029
676,4.833895464794326,1.777239844466829,-2.812715563288885,5.768330756286946
677,-4.7337731785514086,8.458681802130636,6.945949836694079,8.462089661839695
678,3.8617356888874372,3.602223860140093,13.122984160482421,13.849432553535927
679,12.361510631911575,14.391392079640557,3.978487326364015,12.869601465399123
680,12.0706053938812,7.161009015425052,-1.9560655557615707,12.413111827027656
681,4.750310107423729,20.678956126772185,5.463210957202814,7.143065860737956
682,6.196846818440447,13.332368067151725,0.09516568373588796,6.322966547787633
683,0.27824345562968766,17.291039818443686,-11.13023778944162,11.01420286314634
684,8.32069569895433,2.8837625248983367,10.739379085767098,13.471551319982604
685,-8.66357268276757,17.976811860924844,-5.11243100304239,9.959755623836577
686,-7.926037164229621,19.39637204825939,-6.165432363298296,10.099711658196712
687,3.6113348388689923,10.32209184894872,6.433323138292809,7.351129771790322
688,9.874098976442546,12.732561624961251,-6.956557386125539,11.964689018099842
689,6.414629610947075,16.347846124529582,1.3251418636350996,6.475234779489325
690,0.9030069783056623,3.5047512465808444,7.671892843394782,7.762993914006067
691,-6.811953903520995,10.659760458720678,5.707047487970873,8.722032950764909
692,-9.310365267438184,8.354643409478928,-0.6780425008828868,9.49650409006774
693,5.2990773661092145,3.1510458508908985,4.427056237026386,6.99704688392634
694,5.027102717577064,7.762353583292084,-2.7029562478811573,5.794700555271471
695,-5.408603508693328,1.3583028773843653,-8.821046798446162,10.467347298792651
696,3.0207495461459803,0.5649496851851608,6.831997881794959,7.432667857368125
697,-7.2544272273177475,2.6527019271114494,-7.067794632636901,10.190430159605317
698,6.1130489262884655,20.28574209342979,-0.6060275230525132,6.167223297265511
699,-8.950215544535805,11.56993610039441,1.6560876216277063,9.247027608388308
700,-9.421586368022338,20.34613140108193,-2.921411739773797,9.731926126435546
701,2.439199992581372,9.188267277441486,-4.701860409476201,5.2008143080778195
702,-0.368273194828864,6.584900778811422,7.904447953731813,7.884809563007438
703,5.741471766387974,10.643788061624955,-1.6860862369941654,5.97921746520307
704,3.07489696046882,9.141638627624983,-4.473971199453897,5.309684005360841
705,1.2846836922790505,2.147736293131717,14.122176344971466,14.04254436065158
706,0.540164151949656,13.576026070512064,7.699872798519063,7.750502394071728
707,12.064661246663372,4.680435373272189,-2.796070136419586,12.345275808665765
708,4.84814311224045,12.987536009223216,5.344015264570806,7.112320611318095
709,1.5923852001467764,13.658823215086548,-11.055400821345803,11.135400817005113
710,9.291485018864995,3.1020604782022336,-7.475296739539026,11.877367759435879
711,-6.514825146460405,1.4056178538507758,-8.126739656244531,10.32615185544593
712,-8.762260783107667,16.462534989806414,2.41780461972696,9.156889849055847
713,-5.6749810582618645,9.8499306428021,6.396163341757293,8.59389815138298
714,-1.3450423735605703,1.1336073978970176,7.94388606740008,8.000394930110929
715,8.336820027621464,20.85439187066329,10.409451212370282,13.47299477298442
716,12.486272355582036,1.2365363731762566,-0.43285961486067837,12.540792468689792
717,4.461041456560788,14.660388759802194,13.157198982917546,13.807553339583798
718,5.45571497258838,20.635690666776924,-2.300826067461097,5.883862712876078
719,6.550036140066689,4.935486079489068,-9.593417186367962,11.600652652927158
720,7.3742434667540175,3.0753774953234765,11.194879800138606,13.55603943752988
721,6.363476673902644,2.6211972641255645,0.7706950109239143,6.420470388145462
722,3.022579615956552,6.277150688863133,-4.5266381135563645,5.339101535536522
723,7.442324135241172,2.2575063113341303,-8.94379032420919,11.697286542084731
724,-7.665007017957856,14.652408046496431,-6.59827074688743,10.126670516537297
725,12.4910434383966,1.3215574104560956,0.9148304754095364,12.646438282317497
726,5.903678961048515,10.705824477383189,-1.518866574332729,6.0297125951365
727,11.476627024921845,20.986039708024105,-4.249901328138062,12.207606814122093
728,6.084374549210692,17.00720535260077,2.3489624384899965,6.612681702659667
729,6.184535535210819,12.922611350767637,-0.3286472795536356,6.254809903854314
730,6.378365924682596,6.216087682057927,-0.025711544338087214,6.260557652432908
731,12.098333251465384,13.189458126674701,-2.0817210858580384,12.389574851021301
732,-0.19852369350250257,10.911721419900498,-11.058581226727886,10.98172508556728
733,-9.369024805999775,9.0980930445407,-2.0592828124018108,9.64216446778916
734,-1.848091926453071,2.711905902147544,7.815937480663996,8.094286618804082
735,11.86103780880798,18.597521821856684,5.233345604608816,12.979809304615053
736,-4.507034042138654,9.382704234639322,7.29011656650885,8.411096979633315
737,12.39689083308072,4.058268860843858,-1.8883460122362412,12.408657380293038
738,-7.26045660029381,7.864799502937886,4.854311140775423,8.85113798848176
739,-3.2043898937547888,8.44794393745396,7.53359814502309,8.265006531263348
740,-8.509027618911144,17.50599234551318,2.9775013548587648,9.073043227257097
741,2.1596439515069146,15.439704339899615,7.192003411212454,7.5528085266704235
742,8.042000812221163,16.034700601682413,-8.379020564378585,11.758441389934278
743,-9.395059620259026,0.1241253136966677,-0.39499016837673506,9.450417033357674
744,5.667348444371717,8.906873264495813,3.8915717752985346,6.900942071815272
745,10.842645164237965,10.013676496347523,7.723063623339601,13.190679592651362
746,-3.755887976417882,0.28770276222459445,7.304057281125628,8.33047850291577
747,-9.16855695465461,5.569808837882191,-4.003969876594674,9.835254006324949
748,10.334353595694036,15.999941573193427,8.388390806718414,13.255687353855446
749,-4.2248001302921745,2.78551126265534,-9.896333479732444,10.595693486549727
750,5.147771642837019,11.263175258044885,-2.725667677641482,5.814127058110001
751,7.314361274198582,4.41666404399796,11.516436693332198,13.570098065840051
752,-3.6158300750596495,0.36461840736401924,-10.05069621316513,10.628398004769645
753,0.19439307784086984,5.171367706077684,7.70814890328228,7.8688000363427175
754,5.885966471612963,20.546549472993323,-1.6013590387539745,6.024997341373253
755,11.350175089763978,16.868445455667484,-4.3423798316783095,12.19590008451511
756,-4.434710940969816,20.32722834322844,-9.57452179469818,10.556437024533274
757,-9.17102844385549,10.244903555192433,-3.067479180244765,9.740141322971093
758,11.022721066677788,2.1862727596854934,7.1020270677773185,13.137128096418568
759,11.260674410495284,11.552096659730783,-5.144763379105894,12.144742596657842
760,6.103691481905241,9.750528730712889,-0.8154587683245563,6.14189104409227
761,1.5972462372245608,17.630022788213353,7.530501044204358,7.650300254829631
762,5.125287983994577,2.0235879197997377,4.875711074821357,7.054343948798607
763,7.845999189513566,10.294708481267486,-8.64871134738086,11.723917602619744
764,1.6467339579028695,3.1456314736730957,-4.892141486520469,5.0284247322534
765,-8.035653084490152,6.719964106653528,-6.059153537334918,10.08347272242968
766,9.285310187558636,15.59668441076684,-7.354411411580887,11.898392797750736
767,11.793690838635886,10.228384788945823,5.13072644705581,12.975710430496756
768,-0.6096824929511359,7.913267133963547,7.907484250029111,7.936433506463823
769,12.449884672919199,8.19359502099714,-1.4249425637627742,12.45255672557834
770,5.016761331009449,9.493486084020372,-2.777994381193963,5.755068536601762
771,12.760586342838183,16.51114501870031,1.4573721437803093,12.690013884366909
772,5.514784809221396,18.844166202076547,-2.2106553320474225,5.913941315379127
773,-4.727345547271794,20.10954519123203,7.070107053410824,8.45673348055182
774,11.419055009174784,16.52473072726931,-4.132970603808932,12.226720772007388
775,6.01045698961062,6.564617645529337,-0.8728669421013031,6.125327445596658
776,5.78122038642646,14.341612464545577,3.992958111401191,6.87303247764892
777,5.847492746325796,9.27314073779572,-10.014675969620866,11.51945906908474
778,5.513552742638897,5.439460225105633,-10.006232391318724,11.498573460972848
779,-2.5690070162480017,17.503730189275302,-10.560862079848976,10.755063060401495
780,2.709783318658308,0.9659372260268934,-10.807295050989465,11.252698985708408
781,-9.077136309055813,18.994408956933295,-3.831185240189735,9.827446352817944
782,5.013602850193897,9.830986221633996,5.141764538180853,7.085539201313408
783,-0.8690647078297026,13.247018238125376,7.851897912124729,7.970496961086704
784,6.410473463555009,13.709849950779894,0.7348950499564058,6.423907139420805
785,10.08932894518806,18.782575623860534,8.682462332506892,13.27433380929044
786,-7.21538880877322,13.420341768200872,-7.430391759622866,10.210727110190115
787,-5.111476655924427,13.072241362253992,6.796815369753637,8.490324578641824
788,-8.421699505335845,1.4703007431560022,3.2718401181697616,9.066691096317458
789,6.543791435283237,10.862300333168083,12.01028711522161,13.640324122162141
790,6.158469895211329,3.0509120963912855,-0.5758887535283734,6.157691904726183
791,-7.091302732874182,15.609109200423111,-7.331371440331999,10.237474981122135
792,-9.681014946566773,10.660189794491092,-0.5912703456434552,9.480277451737743
793,-5.098525065351609,14.447630218852652,-9.085956367331901,10.47520938252825
794,0.7815399914828118,0.8466924476894186,-4.816853288888462,4.88307344172483
795,11.991039085227575,1.9396905442236525,4.464994827112187,12.93196317646157
796,8.127442752906122,15.110684278322255,10.734017564664581,13.497396825966447
797,-8.24506284069049,1.500071507027895,-5.838653734214525,10.038643753975702
798,3.250885122835245,1.444451645887818,-11.034445565429433,11.278168311611454
799,9.006505272738847,0.22018719219802846,9.991298731303436,13.406740816927856
800,4.313828429403206,20.129361033526607,-10.581130760670735,11.377956074066242
801,5.959003994001679,15.495391198260918,-0.9837474125749707,6.150035590199875
802,-7.511635752754326,7.358898437736477,-6.6406080171196455,10.143778816332796
803,-5.558823481955444,6.210684066008997,-8.737759420553116,10.430543578001002
804,-6.613288712836797,7.351625527634756,5.733290956364243,8.709726383761739
805,7.13735624743935,16.054850745363336,-9.255203677517974,11.65321238163623
806,7.661480892904027,13.934599643957572,11.072805483419033,13.518590628449578
807,8.71176636863652,3.791134802745146,10.331189873441101,13.435666702010565
808,-8.11958210468728,3.540962801695197,4.035860695109775,8.961449951841475
809,4.926960895234164,1.8975742092702725,-2.8713677038890166,5.779632419145233
810,1.8403115970713075,13.686967863941312,13.879380110749667,13.994298607222591
811,12.71273506834785,15.916281156345224,0.7810582884270735,12.618817176851936
812,5.369046134282644,5.495072899062035,-2.329918307888333,5.887307070719658
813,9.242482152143229,0.6351700954018259,10.043926621679796,13.391119261030283
814,12.098368354140414,1.6730170494154537,4.3090041981018645,12.910969041701296
815,-9.622112945166963,20.342835742372444,-1.6926563262849272,9.602322466394897
816,-6.820036119984487,6.244388465676458,-7.863363189374815,10.28502867593781
817,-4.792016429579505,16.16679262322239,6.923555196929228,8.472900870107285
818,2.5647091018510073,13.110190599866941,-4.721674732276366,5.228505267050183
819,-0.19310049707516003,7.901203056350889,7.815729840168782,7.871548555959665
820,11.791933703970374,4.464525260934578,-3.588268726689299,12.27910446845892
821,0.2577412127819803,2.7298344457113237,-4.737979552362304,4.756044768712248
822,0.09946175125666809,12.74700645940393,7.954979765927544,7.855544623674229
823,-4.711840458080299,16.164906534304908,6.997815554903072,8.465040508408949
824,-9.212208178798642,13.494008290126043,-3.6122026273177057,9.777223215168396
825,9.04114992821945,11.039891018741304,9.946662313724921,13.381823921041606
826,-1.0171605736033582,0.931572247409948,7.946238333843555,7.976623074885757
827,-0.9958080865121612,20.265437109241397,7.839022146456687,7.982345871034625
828,7.124332605291001,16.989503631526727,-9.14349066491171,11.663174489609355
829,-8.175416669697112,6.268317630154619,3.923901552832007,8.974442663147455
830,5.870512173594371,20.600634319599084,3.479871225494563,6.829239565511941
831,-8.09458866052808,12.742212008694738,3.9100979513153526,8.97653096061326
832,5.865400750683152,12.341465864787908,-1.5155163017973066,6.0399351216798705
833,6.272215351461188,15.65314201921435,0.542754242077844,6.374797163375069
834,-9.431321315711452,16.96554382543869,0.07611466523864178,9.40939458125746
835,-6.345414420588962,13.79386506025852,5.84900105978308,8.660668324080559
836,9.678420138629265,2.776174286139995,9.280390944971625,13.334608466271522
837,-2.094884395036227,7.1175236657498075,7.88344423346107,8.127871013896415
838,-7.569885662260301,19.332056798627942,-6.961207767343688,10.184305268364648
839,-3.4926641183890994,4.636645404325806,-10.03331459620314,10.671339506550225
840,0.4456308819413287,7.808110214228342,-4.766587926803759,4.835801326246668
841,-0.38837712946518316,9.066047981395533,-11.014584953899224,10.966081380314616
842,6.345343456353323,9.424759001262478,0.7674015540520469,6.39033843716299
843,4.794798770607535,12.733132438145136,12.71799831026932,13.77026332722044
844,5.933516078768249,19.855151516822446,-1.1224544658166167,6.113502180500087
845,-6.077286821147347,5.203458259315433,6.115133891703433,8.62012928369046
846,3.9951099120066296,2.778673876861559,-3.718122650362659,5.5167906510512745
847,0.4224800799978038,4.106440544740288,14.19586498773496,14.107707458840837
848,-9.515618075644435,18.67456584966668,-0.1466584634288784,9.445465445762935
849,-6.407894588517395,13.61900310147919,-7.973153335682471,10.323760569794935
850,3.1034681990799413,6.023590747177693,-4.399610428248813,5.344569886161187
851,8.299872523234672,17.12500119821703,-8.29838543945592,11.780599893251097
852,6.310130307129037,18.13236746258216,2.639216397519356,6.690702588034192
853,10.934162421520446,17.52357650397387,7.632782006224802,13.176351255079934
854,6.083704346070723,19.365664155436907,2.3457749492099196,6.645784542879665
855,6.426442517039636,5.30967921400679,1.4226725726542493,6.5095784074849625
856,1.7888428744978948,15.833633013994017,-4.7056988271094005,5.056861484392855
857,-8.960690815889153,9.876015662328896,2.4717395611236546,9.16151512066514
858,-8.137614974875314,17.61447620881224,-5.825224240640991,10.035891244494197
859,3.248601168450833,15.257996621487374,-4.3476461498223085,5.331678317101167
860,10.168922038644936,16.504551706714693,-6.336046635883529,12.021564570179827
861,-8.219596087898879,13.696192460817516,3.579032169123728,8.984535599980733
862,-9.298922661974066,3.6709926305701903,-2.179802359178048,9.654650833585187
863,-7.493026283208317,11.430862754492619,4.757849485562222,8.866480003656273
864,-4.984114493893932,20.762137978227628,6.858286089200495,8.489491844012939
865,-8.416229518064775,19.70592964717483,-5.5175771777004945,9.986874840856055
866,6.178788011956844,0.7773859170220188,-0.6988482705814426,6.1754938288568875
867,6.228004968462787,3.4078942740054607,0.6994173763452469,6.427021215120496
868,12.480565450604692,2.705568799224579,3.537532831559628,12.83452710822084
869,6.744889773991644,15.2378560051689,11.800585078742223,13.629317136244888
870,-3.0511465901827624,17.21607629285883,7.778980469371613,8.23074639700799
871,4.036414121915432,4.525559268112907,6.13108885735154,7.264097408823765
872,-2.4390044054057296,10.445305376583569,-10.626897111107738,10.781941682249313
873,-5.535412375371524,17.761157686991282,6.3782483422844765,8.56461778796337
874,1.2306700568108708,15.414089324690924,-4.775557194382552,4.951649745716561
875,6.1475363059817,11.525434520088204,-0.696228863240135,6.184092538558455
876,5.248345956229383,12.441721332363299,-10.234758649925025,11.460268263348572
877,-0.829760496326488,10.785703781015455,-10.941814374815785,10.922600825922768
878,1.3113523193348193,6.295172008840245,-4.98476882784493,4.967762693356693
879,5.798842321069159,12.000084425659614,3.165269474916122,6.804427320074684
880,5.656887080034229,14.518816406653682,3.9530724297257596,6.8902176305572125
881,0.5263534303580267,18.329989708432674,-11.087589913493392,11.044828902254858
882,0.9272243276568874,13.589361905608897,-4.8691916083574345,4.898156422206934
883,4.695361402707449,16.07245599013431,-3.096193431800228,5.693589249399853
884,11.635648192831633,3.418878776146474,-3.6777668506384447,12.251420472274843
885,6.437706669873094,9.565076521161755,0.6871700496137589,6.39513277632739
886,-1.4649770833476357,0.06713325462260544,-10.805065985731312,10.86437611164503
887,5.27512635457735,5.209527703168269,4.392249438628615,6.957208805828636
888,4.72803624906945,15.270248137149924,-3.4804633665983724,5.649602027251178
889,5.399126702404432,20.766596721835803,4.646312942900228,7.004232886788347
890,5.63477422053388,2.09683836129274,-9.918644890905808,11.519594441530426
891,12.563358790220324,8.590243325891413,2.7411351947552633,12.77713819410101
892,12.481332233119591,16.87103059013738,-0.5615058825320607,12.537026862548611
893,-4.760502408019857,4.1706474762316015,6.894220152493811,8.455755556713294
894,0.17659398928763717,11.645633052633716,-11.095785611055812,11.008943051453317
895,6.192296677390712,15.314000568537914,2.3576688491941846,6.644320450123559
896,2.6855969994003237,12.896924463822902,6.993553695543095,7.475241247798254
897,10.83846696863576,3.9071578603607744,7.512799785823787,13.160155048230722
898,0.499372544665748,7.415311384140128,-4.848170255912999,4.834929222536284
899,3.8980053515363546,16.334113936996,-3.870967376573492,5.518287897439649
900,6.167805433214402,11.625991328620529,2.6421105359190795,6.671670776231848
901,1.1564426737767286,0.0537611207164365,-4.778447059152041,4.962449110705306
902,6.4284680382799975,15.687861091589744,1.0178272431360016,6.422377670321615
903,-7.088836368438337,0.9468356561951867,-7.168992253623213,10.207426234424421
904,-6.467772377016726,15.769286402777542,5.743519904315147,8.684221796936004
905,11.149909255057509,4.214461690977487,6.830505214025602,13.125621649145254
906,12.32760584952074,20.121424987481042,-2.0076902661895994,12.416613045229973
907,-0.5865218619175618,7.609590342612018,7.974797093256193,7.933941623275387
908,4.5997925901182155,7.035136230880748,5.608856163029631,7.157397238295057
909,-3.4340651695133357,3.3163779264586495,7.6969740659476,8.290905620750998
910,-6.725822838964648,6.433357898119166,-7.642531711413271,10.275787744951876
911,4.053638773487638,18.512019062810744,6.028130997178767,7.238829274495733
912,-4.045944127888457,20.940549768065587,-9.813533322886121,10.594853851319487
913,-5.543639630249311,7.600827596756222,6.344893483430116,8.571002896838872
914,-8.822444373490121,9.379640913149029,-4.586057571237378,9.915311083783301
915,-7.268020213349237,15.176682498934673,5.037991720064816,8.822784680286066
916,2.7502671289019593,18.564656617892222,7.00161932523619,7.487663381116571
917,6.353296847286257,12.432065690178964,12.11054700712794,13.65135080466046
918,9.536127604825175,8.212899705983505,-7.242728493913051,11.909204039897402
919,6.081373391640071,8.656970808034552,-1.3657118988241879,6.0329245513617575
920,12.118232504095392,14.613206925482693,4.322706529886765,12.89750681926133
921,-9.379205864831912,-0.03847697094980779,1.154255185744066,9.306319795038116
922,11.046041202683448,12.93967447174386,7.254152762272518,13.143345093173293
923,11.718229034798846,7.336894792698508,-3.7502045938112665,12.250847168442498
924,-6.66515695910318,16.77592551178739,5.603671805058076,8.719931845927833
925,1.1803295923474144,1.742238742101743,-4.738498915378438,4.924157222233864
926,4.012590230890137,12.467606640247894,5.801204455889645,7.244613435673643
927,-9.00174029200082,10.239065627334883,-3.64870538538954,9.81717118951906
928,-3.347870128605159,13.458617985311514,-10.283878680889435,10.682780545229583
929,4.833667416929178,1.1016117753596055,5.440569619226479,7.142923154409361
930,6.026527397014424,12.143528479794028,-1.618461137425901,6.0257890360055875
931,12.50333049419197,11.784757931021115,0.24468793174985431,12.581421074950685
932,1.9942820754415251,11.672802160746699,13.835871478932594,13.990160957612844
933,-9.298968023438485,12.621719159144726,-2.477264920496269,9.66690222474388
934,6.284651987206656,14.358846201639942,0.3410260225704769,6.330428129968407
935,3.9548934835397165,16.971261709526342,6.049922061386657,7.27882506992047
936,0.845136804311459,5.573778711254691,-4.724396055872533,4.885717023392893
937,9.441355592992881,17.16627769682176,9.212807873981514,13.329452222013826
938,5.212948015443271,10.43066759577155,-2.550510049304576,5.82216679126442
939,-7.689036212787815,1.5968781838859107,-6.794600340328683,10.145928752831866
940,3.817706234734373,1.2791894328598947,6.127143823274884,7.295298584351257
941,-8.523709339280238,6.965473021360511,-4.901434327606358,9.935393604838737
942,-1.6796272333271183,16.533986476877004,-10.654371138532797,10.851881499719171
943,12.606662694435878,15.054815033565253,-0.25639922525957215,12.532521245093355
944,6.168080674686635,16.64246436036496,2.3560824169925785,6.657863633108009
945,0.4702310906275812,10.85784133454072,-4.6824988709456585,4.816022223985533
946,5.846649121978002,9.225863909959973,-1.8797144673655153,6.002505649803215
947,10.707512210905104,3.0608357474139756,7.6382034235757725,13.1948648403563
948,12.07119598902571,7.010111917040757,4.733929678684218,12.948608923530928
949,-6.1847528067290565,9.05167534505625,-8.352118999228177,10.342874819194275
950,-6.088765840613731,1.8651312941719602,-8.579184469222133,10.372127051670208
951,-0.22989850077612198,4.637970797123545,-10.937616439241822,10.980211973751597
952,6.235301037368362,12.512552756057362,0.5002045235302957,6.365224342106924
953,9.541722630407016,15.311678844234576,9.26162055236951,13.330518535402492
954,-5.948272774367985,20.99759518961371,6.069427452713945,8.659208194007325
955,-3.6406471012785064,19.589279561029173,7.449676863887487,8.323384537352169
956,-9.585947636899153,13.54389323718268,-1.6373481929902765,9.603073132587397
957,2.0758092126159795,8.792849088531595,-4.665156330200938,5.155032788952456
958,6.327718441044883,13.481806788754191,-0.14138423182225954,6.2795728094794745
959,7.324425821540859,16.411006601563685,-9.021001952498409,11.66819194278687
960,3.9192268713441227,2.656264037792923,-3.9623928763338214,5.492748041026484
961,-5.8841347805047794,8.433239032639229,-8.682692336639088,10.396963688675065
962,5.167594300961919,17.67932500480365,4.727022543124965,7.024749862003593
963,-4.1857120742308265,8.108035058846587,7.151118593254741,8.381413703831694
964,3.0444545205944338,11.929761988976828,6.743308646837168,7.433263348113338
965,-1.9073484958029938,12.385595971892263,7.920845266905543,8.064525359770519
966,5.421245973262802,4.001953182782443,-10.082624516125067,11.489236980346636
967,2.429355643271589,7.38526239076265,6.989616491447241,7.512695177455977
968,-8.128171138545609,7.075011544329657,-5.936282692973766,10.050626951132394
969,-8.667182648522788,0.3008037971403529,2.1662543658368048,9.199058319246163
970,-0.2728399966538721,0.41146056136613934,-10.913331914431641,10.967342352892706
971,7.563045651733712,17.628554553681337,11.419352515001819,13.541801260565991
972,6.852714059095037,5.676308806089855,-9.328855774083785,11.61671833684646
973,6.100981964446075,10.762266094574228,3.075406662129397,6.73815432340628
974,1.4922373891055358,6.253443272465766,-4.9304159562855485,5.006283104457981
975,4.520896351251864,19.961054781238506,5.708331054106477,7.1841693650039256
976,-6.241473768127222,5.262063711460646,-8.064766064313686,10.3208663465887
977,2.30834093267494,8.917662076353702,-4.653594818271037,5.1970658539256895
978,-9.337661002426946,18.4770784284946,0.3383391164355864,9.390530647476707
979,-6.414993073842727,17.866375136981752,-8.0842159364311,10.337500308899397
980,-0.011922870579957348,3.8977866523427953,7.912357068563939,7.862563436078188
981,9.872472577836529,16.731604235457255,-6.7350989078455425,11.978065327936466
982,4.783355335687221,9.831508971676662,-2.9922165197158352,5.717053847176378
983,3.4962034218886404,10.30179055296738,-4.180999301110406,5.42054588970944
984,6.439555007182561,2.8709741195110428,-9.661792108548111,11.575406321132478
985,-9.281969725464064,1.6113915540058756,0.36822966546197566,9.382284617117481
986,2.153871359894274,15.281822512365265,-10.988121185729545,11.20042871437764
987,-7.19459388796583,10.409648191356812,5.15445451367405,8.810540097997281
988,5.06909284484563,9.206949885380329,4.6987410600090405,7.034673432745388
989,12.194739845942758,15.464772945513465,-1.467950215989095,12.432246451615606
990,11.60459743422118,16.163712582927044,-4.030612154337186,12.246706137980606
991,2.90921483357148,3.229333913357949,-10.928896251616102,11.259748968317759
992,4.210604399045784,12.952377784032421,6.137394425760427,7.2772964718802005
993,-6.735031680335687,2.873748941832712,-7.663850527950656,10.275181961262675
994,-2.2278077872331092,15.84758338619585,7.830655200000117,8.114487808678092
995,4.1803003469520315,13.94271236753779,-3.630134965672695,5.575529686675116
996,9.489812017202352,19.977749017801262,9.54390511342836,13.357865749515794
997,5.974798483766877,1.4445357856141985,-1.6893200114630715,6.0018741976923575
998,6.019360026100374,1.145003689040419,12.331592990394782,13.668165050174803
999,-7.974144589153867,5.769142626020657,4.427781930027117,8.915894359734743
